method,n,k,p,mean_P_optimal,std_P_optimal,mean_P_feasible,mean_P_near_optimal_5pct,mean_normalized_gap,num_instances
QWOA Johnson,5,2,1,0.4902341144854183,0.1595655469923462,1.0,0.5895844712757461,0.11408809447742566,4
QWOA weighted Johnson cost alpha=0.25,5,2,1,0.47038615985102417,0.1384159650224758,1.0,0.5701587616620989,0.11869332750124206,4
QWOA weighted Johnson cost alpha=0.5,5,2,1,0.3865780135795417,0.1523802703207316,1.0,0.4793436847232945,0.17646212949270362,4
QWOA weighted Johnson cost alpha=1.0,5,2,1,0.3525172916266621,0.042203931562549674,1.0,0.4295598335952349,0.20763519910476086,4
QWOA Johnson,5,3,1,0.33033588488866783,0.10123004589113829,1.0,0.4556699445831113,0.12417644604178465,4
QWOA weighted Johnson cost alpha=0.25,5,3,1,0.3285068781788613,0.10064112012281391,1.0,0.4549056321612579,0.12365233238411738,4
QWOA complete / Grover-equivalent,5,2,1,0.3145584987848089,0.019349118212351153,1.0,0.3881481734690877,0.1868346128470338,4
QWOA weighted Johnson cost alpha=0.5,5,3,1,0.30335348021005704,0.10643550644586033,1.0,0.4288215734793377,0.13436803473651587,4
QWOA complete / Grover-equivalent,5,3,1,0.2502297895882899,0.03530388895720471,1.0,0.35946779466062095,0.17366369098616619,4
QWOA weighted Johnson cost alpha=1.0,5,3,1,0.21769401328166196,0.11180000192589096,1.0,0.34131752844084995,0.16877003918233238,4
QWOA weighted Johnson cost alpha=2.0,5,3,1,0.20793968071358193,0.1051758114414727,1.0,0.35483274207169035,0.2661202993736601,4
QWOA weighted Johnson cost alpha=2.0,5,2,1,0.1819258636096911,0.03956942186268425,1.0,0.23642414690113508,0.390554416876816,4
Penalty QAOA transverse mixer,5,2,1,0.13657967863489787,0.06879792027309498,0.4333757228883711,0.17132691767876945,0.2506340267457322,4
Penalty QAOA transverse mixer,5,3,1,0.07885348159067113,0.009116769848615954,0.48653353493015034,0.12433381954379422,0.30851687797324573,4
QWOA weighted Johnson cost alpha=0.5,5,2,2,0.545984132210301,0.203134521998648,1.0,0.6549055892292531,0.08938536983973328,4
QWOA weighted Johnson cost alpha=0.25,5,2,2,0.523437684482261,0.22337421843284805,1.0,0.6295885255040728,0.09154011649756132,4
QWOA Johnson,5,2,2,0.4745163413497806,0.24242912444011108,1.0,0.5601124190502443,0.11379846085043382,4
QWOA weighted Johnson cost alpha=1.0,5,2,2,0.4388921711791382,0.05879123233641384,1.0,0.5209747132103174,0.16959702351242872,4
QWOA complete / Grover-equivalent,5,2,2,0.40971446771352016,0.15356573755371275,1.0,0.4879493460383896,0.14280708968217667,4
QWOA weighted Johnson cost alpha=0.5,5,3,2,0.340330778747891,0.11830041580290866,1.0,0.4719309607998795,0.11361061134152603,4
QWOA weighted Johnson cost alpha=0.25,5,3,2,0.3396056253879922,0.1201546607807869,1.0,0.4664521814396796,0.11483994612233821,4
QWOA Johnson,5,3,2,0.3175598627539604,0.10820467436811847,1.0,0.441008120795871,0.12807782320879973,4
QWOA weighted Johnson cost alpha=2.0,5,3,2,0.3131211065982299,0.22716809771091148,1.0,0.47783438439682097,0.19334944053073883,4
QWOA complete / Grover-equivalent,5,3,2,0.30740252896605536,0.11854623975263343,1.0,0.4230795473811306,0.1360460611697127,4
QWOA weighted Johnson cost alpha=1.0,5,3,2,0.27295160052604034,0.15627984095319383,1.0,0.396668872095067,0.13950638705825305,4
QWOA weighted Johnson cost alpha=2.0,5,2,2,0.24676402538948927,0.04997017832979947,1.0,0.31623298473980266,0.3084604495914189,4
Penalty QAOA transverse mixer,5,2,2,0.24416900344817327,0.14917731346382135,0.5903431893664143,0.29662781214154665,0.2021855295560958,4
Penalty QAOA transverse mixer,5,3,2,0.14340743148556595,0.06498368388770123,0.625684010232429,0.2107822320218463,0.24873272603482383,4
QWOA weighted Johnson cost alpha=0.25,5,2,3,0.5208087192865551,0.24712939779941737,1.0,0.6186108550247335,0.09330989471803894,4
QWOA weighted Johnson cost alpha=0.5,5,2,3,0.5035182447376115,0.20236599756615004,1.0,0.6090059707012958,0.1029304094252981,4
QWOA weighted Johnson cost alpha=1.0,5,2,3,0.4654136158102583,0.06250529785993013,1.0,0.5517172630666618,0.1331573808088144,4
QWOA complete / Grover-equivalent,5,2,3,0.4485372789870381,0.21918706205345068,1.0,0.5287821722408926,0.1218587876828315,4
QWOA Johnson,5,2,3,0.4485230874326892,0.20434038045569003,1.0,0.5384450328345219,0.13947970180996866,4
QWOA weighted Johnson cost alpha=1.0,5,3,3,0.3575661561585614,0.1513494092476291,1.0,0.5109244561660591,0.09840605633533114,4
QWOA weighted Johnson cost alpha=0.5,5,3,3,0.35369028300458166,0.14860495586732853,1.0,0.49829678260078825,0.10715490968350085,4
QWOA weighted Johnson cost alpha=0.25,5,3,3,0.3529853329029228,0.13240952775378886,1.0,0.4801797487118333,0.11178977322495892,4
QWOA complete / Grover-equivalent,5,3,3,0.3224101215961814,0.11450669273204969,1.0,0.4501921680967647,0.12484610931268071,4
QWOA weighted Johnson cost alpha=2.0,5,2,3,0.31275300601182077,0.06998126552008903,1.0,0.37350481630729876,0.2878738781820976,4
QWOA weighted Johnson cost alpha=2.0,5,3,3,0.30983254708951935,0.21231927729974223,1.0,0.4707779370122195,0.18363990275951125,4
QWOA Johnson,5,3,3,0.30832950811748705,0.10655202617716966,1.0,0.429177226440346,0.13172334510711842,4
Penalty QAOA transverse mixer,5,2,3,0.2691178156488747,0.162300327770349,0.5217074123736092,0.32631362379910767,0.14456932518517795,4
Penalty QAOA transverse mixer,5,3,3,0.17037580692605406,0.08269591958814279,0.6001036401438531,0.24445539729259907,0.19324754483189283,4
QWOA Johnson,6,2,1,0.5594873268875656,0.2529082845729406,1.0,0.5594873268875656,0.14911066347009555,4
QWOA weighted Johnson cost alpha=0.25,6,2,1,0.5158913767829268,0.21409571669074265,1.0,0.5158913767829268,0.16330210786986674,4
QWOA weighted Johnson cost alpha=0.5,6,2,1,0.39953359721160764,0.12389396102757562,1.0,0.39953359721160764,0.20484265946526414,4
QWOA weighted Johnson cost alpha=0.25,6,4,1,0.34173167985560954,0.04071303262652026,1.0,0.5321958508800763,0.10169382795787561,4
QWOA weighted Johnson cost alpha=0.5,6,4,1,0.3398308158872149,0.03756732394376236,1.0,0.5377357965402882,0.10141915974499481,4
QWOA Johnson,6,4,1,0.33321245734141774,0.04292879096203527,1.0,0.5156415989313323,0.10774645394260579,4
QWOA weighted Johnson cost alpha=0.25,6,3,1,0.32690459856549964,0.051371796364336406,1.0,0.5286127439327939,0.09462916689491968,4
QWOA Johnson,6,3,1,0.3242796840776778,0.059745568951919716,1.0,0.5198888347451426,0.09639996132809758,4
QWOA weighted Johnson cost alpha=0.5,6,3,1,0.3110344285640615,0.03522319571124001,1.0,0.5111898457941146,0.10427007435259128,4
QWOA weighted Johnson cost alpha=1.0,6,4,1,0.2996069769052868,0.038914465251218625,1.0,0.5037848650282519,0.12275982265601917,4
QWOA weighted Johnson cost alpha=1.0,6,3,1,0.23709064463790722,0.015270334293530334,1.0,0.41331326403051216,0.16131177486807208,4
QWOA complete / Grover-equivalent,6,2,1,0.23517337920875364,0.036859600381210486,1.0,0.23517337920875364,0.28466292095402884,4
QWOA weighted Johnson cost alpha=1.0,6,2,1,0.23246869316566715,0.05895432189105545,1.0,0.23246869316566715,0.29012715270418976,4
QWOA weighted Johnson cost alpha=2.0,6,4,1,0.2104560404665351,0.06590730896330473,1.0,0.4002681943500146,0.21376225168480711,4
QWOA complete / Grover-equivalent,6,4,1,0.1965154285553955,0.010416740331410398,1.0,0.32943993929393106,0.20260910914882668,4
QWOA complete / Grover-equivalent,6,3,1,0.15779980355766204,0.012909316279761959,1.0,0.2682729365259071,0.23328247986085027,4
Penalty QAOA transverse mixer,6,2,1,0.14269194977118851,0.07524244839043376,0.37876160689950006,0.14269194977118851,0.28243064355011,4
QWOA weighted Johnson cost alpha=2.0,6,3,1,0.12712916404627644,0.04192508500111117,1.0,0.2430721700243505,0.30098492054886283,4
QWOA weighted Johnson cost alpha=2.0,6,2,1,0.10533098739630657,0.03679793924961881,1.0,0.10533098739630657,0.4143365436198669,4
Penalty QAOA transverse mixer,6,3,1,0.059232066713577454,0.028994015080390772,0.4267472918937093,0.11757342831994855,0.2888109582798384,4
Penalty QAOA transverse mixer,6,4,1,0.05856760199249195,0.015144044807365984,0.33592084986310744,0.09989095917519153,0.2528528609968315,4
QWOA Johnson,6,2,2,0.7108889856007821,0.2284160285694013,1.0,0.7108889856007821,0.07698829324227092,4
QWOA weighted Johnson cost alpha=0.25,6,2,2,0.6887278782060481,0.21744888607218457,1.0,0.6887278782060481,0.09343562867522488,4
QWOA weighted Johnson cost alpha=0.5,6,2,2,0.5981758898955584,0.2074502288186514,1.0,0.5981758898955584,0.1358018790793345,4
QWOA complete / Grover-equivalent,6,2,2,0.3954064108167955,0.10033946535364671,1.0,0.3954064108167955,0.1998425370459963,4
QWOA weighted Johnson cost alpha=1.0,6,4,2,0.39418004234737997,0.04349881670554322,1.0,0.6202156834932623,0.07034446906882813,4
QWOA weighted Johnson cost alpha=0.25,6,4,2,0.3931969436092659,0.06738706997044168,1.0,0.6041510041391684,0.07142906672492115,4
QWOA weighted Johnson cost alpha=0.5,6,4,2,0.39170773522838986,0.06181264381506762,1.0,0.6029568513025009,0.06845785627507739,4
QWOA Johnson,6,3,2,0.38154946301983644,0.08463572940270522,1.0,0.5939819031652972,0.06201416085590432,4
QWOA Johnson,6,4,2,0.381458721392237,0.08474838572040352,1.0,0.5810756876145987,0.07914683651377269,4
QWOA weighted Johnson cost alpha=0.5,6,3,2,0.3755160517012104,0.08180070680253101,1.0,0.5890728315632898,0.06596236678918156,4
QWOA weighted Johnson cost alpha=0.25,6,3,2,0.37112281124688506,0.07351070362899954,1.0,0.5843620004627933,0.06325823888829062,4
QWOA weighted Johnson cost alpha=1.0,6,3,2,0.35696873201968915,0.10430210406921368,1.0,0.5620445148005502,0.07809448148572806,4
QWOA weighted Johnson cost alpha=1.0,6,2,2,0.3433450415361797,0.09638075992745271,1.0,0.3433450415361797,0.23580891135699536,4
Penalty QAOA transverse mixer,6,2,2,0.33195558715610474,0.21164599827932826,0.4876560453402706,0.33195558715610474,0.13109252862566162,4
QWOA weighted Johnson cost alpha=2.0,6,4,2,0.2906427314509479,0.06839192202727805,1.0,0.4897247518312815,0.12701293130459793,4
QWOA complete / Grover-equivalent,6,4,2,0.2798741173403239,0.057797996529927974,1.0,0.440839266819473,0.13021887140260946,4
QWOA complete / Grover-equivalent,6,3,2,0.25235843818336867,0.02277204169465573,1.0,0.42266710895182086,0.1290289594383871,4
QWOA weighted Johnson cost alpha=2.0,6,3,2,0.25134930519957976,0.11629569983397267,1.0,0.4279215864303434,0.21781883725453066,4
QWOA weighted Johnson cost alpha=2.0,6,2,2,0.21571867826133054,0.13526885578250877,1.0,0.21571867826133054,0.3175629844937742,4
Penalty QAOA transverse mixer,6,4,2,0.10699890681871678,0.03459231428126537,0.5594128749952183,0.1829139632844755,0.23279033250446732,4
Penalty QAOA transverse mixer,6,3,2,0.10418074606559691,0.037428737908225145,0.47926556106940865,0.18388899497351957,0.17220192126949713,4
QWOA weighted Johnson cost alpha=0.25,6,2,3,0.6673007579346858,0.21476157709506466,1.0,0.6673007579346858,0.0987793770248591,4
QWOA weighted Johnson cost alpha=0.5,6,2,3,0.6482680820207718,0.21177101696165798,1.0,0.6482680820207718,0.11407022839858585,4
QWOA Johnson,6,2,3,0.6022301355172285,0.229455695040928,1.0,0.6022301355172285,0.11862655951365565,4
QWOA complete / Grover-equivalent,6,2,3,0.4592517848733356,0.12289950252000953,1.0,0.4592517848733356,0.16028190867882147,4
QWOA weighted Johnson cost alpha=1.0,6,2,3,0.45269853185163944,0.18357576137208215,1.0,0.45269853185163944,0.1935172718921701,4
Penalty QAOA transverse mixer,6,2,3,0.4043136815121895,0.18026811064376425,0.5286609421341577,0.4043136815121895,0.07883540444369343,4
QWOA weighted Johnson cost alpha=0.25,6,3,3,0.4038714905692147,0.11172494356221048,1.0,0.6173118346519345,0.05437264775015359,4
QWOA weighted Johnson cost alpha=0.5,6,4,3,0.39946181924176594,0.087363364230859,1.0,0.6147802336641539,0.07099027920205474,4
QWOA weighted Johnson cost alpha=0.5,6,3,3,0.3981983641278326,0.09944705103694357,1.0,0.6168802163662175,0.054520299323717325,4
QWOA weighted Johnson cost alpha=1.0,6,4,3,0.39578507554508463,0.07172735045605544,1.0,0.6349531317509305,0.0628038284695839,4
QWOA Johnson,6,4,3,0.39475880799083735,0.08911514164965557,1.0,0.5873459444583904,0.0740299761693624,4
QWOA weighted Johnson cost alpha=0.25,6,4,3,0.393710158489556,0.09187474099569977,1.0,0.5961558340239607,0.0727422363027989,4
QWOA Johnson,6,3,3,0.38907696726914326,0.10313342822836856,1.0,0.5966260328895027,0.06174374809757431,4
QWOA weighted Johnson cost alpha=1.0,6,3,3,0.3772422618820014,0.11688777431475539,1.0,0.5935262754545988,0.070632220986835,4
QWOA weighted Johnson cost alpha=2.0,6,4,3,0.3675257209669033,0.07154731685686015,1.0,0.5731381412459206,0.09878881580304671,4
QWOA complete / Grover-equivalent,6,4,3,0.30605755360259523,0.04815407927768218,1.0,0.4892334482971118,0.10491488456097667,4
QWOA complete / Grover-equivalent,6,3,3,0.27428773041961574,0.04281571439104521,1.0,0.45084473091492466,0.11144005902944437,4
QWOA weighted Johnson cost alpha=2.0,6,3,3,0.2276074007298829,0.14231681998972198,1.0,0.40248905815991404,0.2145192923196717,4
QWOA weighted Johnson cost alpha=2.0,6,2,3,0.21893191562331757,0.10729775015982851,1.0,0.21893191562331757,0.3094880705766185,4
Penalty QAOA transverse mixer,6,3,3,0.17275485948004898,0.026593459009774254,0.5477784884085947,0.2796560049037538,0.1295559278330991,4
Penalty QAOA transverse mixer,6,4,3,0.14222862329234587,0.037371970241948924,0.5519874950736243,0.23557177783344535,0.18806222563993047,4
QWOA Johnson,7,3,1,0.3020683250321986,0.10692237429404336,1.0,0.39084762557157837,0.12861487085442502,4
QWOA weighted Johnson cost alpha=0.25,7,3,1,0.2945716785273497,0.09697096948505256,1.0,0.38392680461198875,0.12819018103138463,4
QWOA weighted Johnson cost alpha=0.5,7,3,1,0.26860911476447713,0.08182405797082473,1.0,0.3545193350132329,0.1377647421377209,4
QWOA weighted Johnson cost alpha=0.25,7,4,1,0.25518910028299974,0.05493127560403285,1.0,0.48283539182905655,0.10470097360327713,4
QWOA Johnson,7,4,1,0.25245758784005873,0.05922862717949366,1.0,0.47182458125275717,0.11083845000545181,4
QWOA weighted Johnson cost alpha=0.5,7,4,1,0.24696040500207386,0.05050636101412344,1.0,0.47703806673555404,0.10559762846582127,4
QWOA weighted Johnson cost alpha=1.0,7,4,1,0.2059581274970734,0.04423547451615749,1.0,0.4261095118872149,0.1273601400028804,4
QWOA weighted Johnson cost alpha=1.0,7,3,1,0.18881391495881966,0.041972945743151635,1.0,0.26063679765132075,0.18224020422266943,4
QWOA weighted Johnson cost alpha=2.0,7,4,1,0.13024291173775304,0.020840194562142655,1.0,0.30799556151189017,0.2191619615731087,4
QWOA complete / Grover-equivalent,7,3,1,0.09876600189726518,0.011569047880839442,1.0,0.14204125505092763,0.27488597726900266,4
QWOA complete / Grover-equivalent,7,4,1,0.09365694478975012,0.007794896163778077,1.0,0.19854148146700845,0.2486247834230867,4
QWOA weighted Johnson cost alpha=2.0,7,3,1,0.08012828207497587,0.022921523989644105,1.0,0.12403161020437414,0.2948694904174939,4
QWOA weighted Johnson cost alpha=0.25,7,3,2,0.4230038239739135,0.14532810903753698,1.0,0.5209717498283568,0.07783095995624152,4
QWOA Johnson,7,3,2,0.4177697075373595,0.13808328449912188,1.0,0.5195611270822192,0.0766052550937959,4
QWOA weighted Johnson cost alpha=0.5,7,3,2,0.4043532333728289,0.14232495055144603,1.0,0.4985534503469611,0.08334139589826231,4
QWOA weighted Johnson cost alpha=1.0,7,3,2,0.34207814480243187,0.12226425354867447,1.0,0.4428688227545966,0.11692332305019712,4
QWOA Johnson,7,4,2,0.3216944241185393,0.08608144547458213,1.0,0.5787549298984878,0.06739521327089197,4
QWOA weighted Johnson cost alpha=0.5,7,4,2,0.3070229266856514,0.07123857182724656,1.0,0.5651463278599684,0.07440080170192874,4
QWOA weighted Johnson cost alpha=0.25,7,4,2,0.3032088018634934,0.06510151389591534,1.0,0.5602253172896666,0.07340891850495486,4
QWOA weighted Johnson cost alpha=1.0,7,4,2,0.27755617879297184,0.09290548522081679,1.0,0.520858114583048,0.08929656225945984,4
QWOA weighted Johnson cost alpha=2.0,7,4,2,0.24476301623127353,0.05465167911414375,1.0,0.5034703831150515,0.12454702622359641,4
QWOA weighted Johnson cost alpha=2.0,7,3,2,0.2161170171550412,0.12098929179814784,1.0,0.291691219697674,0.20425518497569428,4
QWOA complete / Grover-equivalent,7,3,2,0.17672011465869836,0.03215403430832601,1.0,0.24559798837817665,0.17866810706785502,4
QWOA complete / Grover-equivalent,7,4,2,0.16018910016352603,0.03903636880741458,1.0,0.3113330532425534,0.15956592331981184,4
QWOA weighted Johnson cost alpha=0.25,7,3,3,0.4460658228363932,0.1838567059891788,1.0,0.5446866005893304,0.07184110076243462,4
QWOA Johnson,7,3,3,0.43540170031724357,0.15781640845893938,1.0,0.53255587990464,0.0765991919304211,4
QWOA weighted Johnson cost alpha=0.5,7,3,3,0.42484881454187357,0.1657373383944812,1.0,0.5230647430952415,0.08568197212499672,4
QWOA weighted Johnson cost alpha=1.0,7,3,3,0.38541307596262925,0.13999821002622884,1.0,0.4942387764159868,0.08898457644851165,4
QWOA weighted Johnson cost alpha=0.5,7,4,3,0.3659361900069811,0.12837467034273908,1.0,0.6420503734321714,0.06368088449229274,4
QWOA weighted Johnson cost alpha=0.25,7,4,3,0.34426592648958354,0.10986749547082016,1.0,0.6185852761597099,0.0675504976761732,4
QWOA weighted Johnson cost alpha=1.0,7,4,3,0.34413391661927745,0.10718847038799181,1.0,0.6243037680586605,0.07830709019712744,4
QWOA Johnson,7,4,3,0.3184307121234055,0.07892076342224547,1.0,0.5726585729385824,0.07362396856023565,4
QWOA weighted Johnson cost alpha=2.0,7,4,3,0.3112445946251131,0.08086382182621617,1.0,0.5907269474951963,0.09969088394488439,4
QWOA weighted Johnson cost alpha=2.0,7,3,3,0.27882081006627485,0.10837508404385136,1.0,0.392067528633428,0.15468371791559296,4
QWOA complete / Grover-equivalent,7,3,3,0.23572060362653047,0.05268280647191115,1.0,0.31208094486638116,0.13736803925648589,4
QWOA complete / Grover-equivalent,7,4,3,0.1808645812754303,0.025020177500624245,1.0,0.36824340926731636,0.1383566717944508,4
QWOA Johnson,8,3,1,0.2902735251326386,0.10886111042893495,1.0,0.2902735251326386,0.16512431460192867,4
QWOA weighted Johnson cost alpha=0.25,8,3,1,0.2690119361154093,0.09722047090913513,1.0,0.2690119361154093,0.1670377281452445,4
QWOA Johnson,8,4,1,0.2427115267771752,0.11304974357719075,1.0,0.3742447137312487,0.1290151423682469,4
QWOA weighted Johnson cost alpha=0.5,8,3,1,0.23296855614663164,0.08497964642714563,1.0,0.23296855614663164,0.1770804694618074,4
QWOA weighted Johnson cost alpha=0.25,8,4,1,0.23174250582586547,0.09820741606903206,1.0,0.36446545437339456,0.12708287546541452,4
QWOA weighted Johnson cost alpha=0.5,8,4,1,0.20999757984644452,0.08164501746542406,1.0,0.33804746380350936,0.13161921838167162,4
QWOA weighted Johnson cost alpha=1.0,8,4,1,0.14982837738263735,0.05306138569838467,1.0,0.2562130868968608,0.1571692025565664,4
QWOA weighted Johnson cost alpha=1.0,8,3,1,0.14735450458488678,0.05859160604025859,1.0,0.14735450458488678,0.2155497200960916,4
QWOA complete / Grover-equivalent,8,3,1,0.06646946058622356,0.0063539210462928465,1.0,0.06646946058622356,0.30999431890173984,4
QWOA complete / Grover-equivalent,8,4,1,0.051736220529637826,0.005311520647793506,1.0,0.08782150544305091,0.29108637166068635,4
QWOA weighted Johnson cost alpha=2.0,8,4,1,0.05104101504214969,0.03493077122936755,1.0,0.10337820566859043,0.24251362565850285,4
QWOA weighted Johnson cost alpha=2.0,8,3,1,0.04566904726335992,0.01948764399141044,1.0,0.04566904726335992,0.314228507856449,4
QWOA Johnson,8,3,2,0.5074563838491926,0.14181995716006807,1.0,0.5074563838491926,0.09257196390628758,4
QWOA weighted Johnson cost alpha=0.25,8,3,2,0.4779402792385553,0.12473574638171797,1.0,0.4779402792385553,0.10250719454347416,4
QWOA weighted Johnson cost alpha=0.5,8,3,2,0.42556990962360347,0.12441050084295485,1.0,0.42556990962360347,0.11516705156824922,4
QWOA weighted Johnson cost alpha=1.0,8,3,2,0.4183847433830191,0.027623433145561017,1.0,0.4183847433830191,0.12097803038486378,4
QWOA Johnson,8,4,2,0.3789121858831854,0.20253132573292254,1.0,0.5602248973915392,0.07239468183465472,4
QWOA weighted Johnson cost alpha=0.25,8,4,2,0.363313484045919,0.19045358565142864,1.0,0.54204165400512,0.07705491626510141,4
QWOA weighted Johnson cost alpha=1.0,8,4,2,0.3276887302480239,0.056762284983050484,1.0,0.5185736897019587,0.09275973283678443,4
QWOA weighted Johnson cost alpha=0.5,8,4,2,0.3147694049544795,0.12516374168532315,1.0,0.48568505000401857,0.0914516551500896,4
QWOA weighted Johnson cost alpha=2.0,8,4,2,0.2170205634636793,0.04786847224885569,1.0,0.37148777712393866,0.14468759272033435,4
QWOA weighted Johnson cost alpha=2.0,8,3,2,0.16884241342106132,0.09135466030123418,1.0,0.16884241342106132,0.22847317177237314,4
QWOA complete / Grover-equivalent,8,3,2,0.13188060760513792,0.01667395351798225,1.0,0.13188060760513792,0.21862053781009266,4
QWOA complete / Grover-equivalent,8,4,2,0.09657061555829208,0.01668363744136335,1.0,0.16101180906300783,0.20818348093697536,4
QWOA weighted Johnson cost alpha=0.25,8,3,3,0.5443263003591835,0.09957533422230876,1.0,0.5443263003591835,0.08338126956915133,4
QWOA weighted Johnson cost alpha=0.5,8,3,3,0.50921858148218,0.045919567037061286,1.0,0.50921858148218,0.09392474036543683,4
QWOA weighted Johnson cost alpha=1.0,8,3,3,0.5077387511175666,0.019886578387053728,1.0,0.5077387511175666,0.09742030791249043,4
QWOA Johnson,8,3,3,0.48338454216141946,0.10149280937229674,1.0,0.48338454216141946,0.09934250347296716,4
QWOA weighted Johnson cost alpha=1.0,8,4,3,0.39923481026219454,0.08060435673430799,1.0,0.6171936515457789,0.07067607173494536,4
QWOA weighted Johnson cost alpha=0.25,8,4,3,0.3927037701701571,0.14074113245012726,1.0,0.5933918480259655,0.07109686646348458,4
QWOA Johnson,8,4,3,0.3898024773951268,0.15937589075512498,1.0,0.5867086284238234,0.06718593528046533,4
QWOA weighted Johnson cost alpha=0.5,8,4,3,0.37029424406367817,0.09386708580576275,1.0,0.5660917789926787,0.07576259013878206,4
QWOA weighted Johnson cost alpha=2.0,8,3,3,0.3042999002732715,0.10827587881997897,1.0,0.3042999002732715,0.18162980016973207,4
QWOA weighted Johnson cost alpha=2.0,8,4,3,0.2926935484809645,0.08213913440423304,1.0,0.47904149866083456,0.11361099373414582,4
QWOA complete / Grover-equivalent,8,3,3,0.1609630161078513,0.03008081076931277,1.0,0.1609630161078513,0.20467395187461496,4
QWOA complete / Grover-equivalent,8,4,3,0.12977049808151184,0.017092980931592897,1.0,0.21426905406413385,0.17376325030769393,4
