instance,window_id,start,end,n,k,method,alpha,graph_edges,graph_mean_degree,graph_min_degree,graph_max_degree,graph_spectral_gap_top
0,W1,2025-02-24,2026-05-21,5,2,QWOA complete / Grover-equivalent,,45,9.0,9.0,9.0,1.111111111111111
0,W1,2025-02-24,2026-05-21,5,2,QWOA Johnson,,30,6.0,6.0,6.0,0.8333333333333328
0,W1,2025-02-24,2026-05-21,5,2,QWOA weighted Johnson cost alpha=0.25,0.25,30,6.0,6.0,6.0,0.6460623902746832
0,W1,2025-02-24,2026-05-21,5,2,QWOA weighted Johnson cost alpha=0.5,0.5,30,6.0,6.0,6.0,0.4966003860313851
0,W1,2025-02-24,2026-05-21,5,2,QWOA weighted Johnson cost alpha=1.0,1.0,30,6.0,6.0,6.0,0.32903958979518666
0,W1,2025-02-24,2026-05-21,5,2,QWOA weighted Johnson cost alpha=2.0,2.0,30,6.0,6.0,6.0,0.2675894501484972
1,W1,2025-02-24,2026-05-21,5,3,QWOA complete / Grover-equivalent,,45,9.0,9.0,9.0,1.111111111111111
1,W1,2025-02-24,2026-05-21,5,3,QWOA Johnson,,30,6.0,6.0,6.0,0.8333333333333331
1,W1,2025-02-24,2026-05-21,5,3,QWOA weighted Johnson cost alpha=0.25,0.25,30,6.0,6.0,6.0,0.6733831587199584
1,W1,2025-02-24,2026-05-21,5,3,QWOA weighted Johnson cost alpha=0.5,0.5,30,6.0,6.0,6.0,0.5312422230698071
1,W1,2025-02-24,2026-05-21,5,3,QWOA weighted Johnson cost alpha=1.0,1.0,30,6.0,6.0,6.0,0.31037183876036933
1,W1,2025-02-24,2026-05-21,5,3,QWOA weighted Johnson cost alpha=2.0,2.0,30,6.0,6.0,6.0,0.06779627569363322
2,W1,2025-02-24,2026-05-21,6,2,QWOA complete / Grover-equivalent,,105,14.0,14.0,14.0,1.0714285714285712
2,W1,2025-02-24,2026-05-21,6,2,QWOA Johnson,,60,8.0,8.0,8.0,0.7499999999999998
2,W1,2025-02-24,2026-05-21,6,2,QWOA weighted Johnson cost alpha=0.25,0.25,60,8.0,8.0,8.0,0.6300459380844061
2,W1,2025-02-24,2026-05-21,6,2,QWOA weighted Johnson cost alpha=0.5,0.5,60,8.0,8.0,8.0,0.5305465406271835
2,W1,2025-02-24,2026-05-21,6,2,QWOA weighted Johnson cost alpha=1.0,1.0,60,8.0,8.0,8.0,0.39097430957511137
2,W1,2025-02-24,2026-05-21,6,2,QWOA weighted Johnson cost alpha=2.0,2.0,60,8.0,8.0,8.0,0.28409120185162595
3,W1,2025-02-24,2026-05-21,6,3,QWOA complete / Grover-equivalent,,190,19.0,19.0,19.0,1.052631578947368
3,W1,2025-02-24,2026-05-21,6,3,QWOA Johnson,,90,9.0,9.0,9.0,0.6666666666666667
3,W1,2025-02-24,2026-05-21,6,3,QWOA weighted Johnson cost alpha=0.25,0.25,90,9.0,9.0,9.0,0.5644787602037347
3,W1,2025-02-24,2026-05-21,6,3,QWOA weighted Johnson cost alpha=0.5,0.5,90,9.0,9.0,9.0,0.47390445702317374
3,W1,2025-02-24,2026-05-21,6,3,QWOA weighted Johnson cost alpha=1.0,1.0,90,9.0,9.0,9.0,0.3265027929212969
3,W1,2025-02-24,2026-05-21,6,3,QWOA weighted Johnson cost alpha=2.0,2.0,90,9.0,9.0,9.0,0.15181767628031473
4,W1,2025-02-24,2026-05-21,6,4,QWOA complete / Grover-equivalent,,105,14.0,14.0,14.0,1.0714285714285712
4,W1,2025-02-24,2026-05-21,6,4,QWOA Johnson,,60,8.0,8.0,8.0,0.7499999999999998
4,W1,2025-02-24,2026-05-21,6,4,QWOA weighted Johnson cost alpha=0.25,0.25,60,8.0,8.0,8.0,0.6543596066919111
4,W1,2025-02-24,2026-05-21,6,4,QWOA weighted Johnson cost alpha=0.5,0.5,60,8.0,8.0,8.0,0.5652124038817845
4,W1,2025-02-24,2026-05-21,6,4,QWOA weighted Johnson cost alpha=1.0,1.0,60,8.0,8.0,8.0,0.40405159187048567
4,W1,2025-02-24,2026-05-21,6,4,QWOA weighted Johnson cost alpha=2.0,2.0,60,8.0,8.0,8.0,0.15952488847069224
5,W1,2025-02-24,2026-05-21,7,3,QWOA complete / Grover-equivalent,,595,34.0,34.0,34.0,1.029411764705882
5,W1,2025-02-24,2026-05-21,7,3,QWOA Johnson,,210,12.0,12.0,12.0,0.5833333333333335
5,W1,2025-02-24,2026-05-21,7,3,QWOA weighted Johnson cost alpha=0.25,0.25,210,12.0,12.0,12.0,0.4878949912505084
5,W1,2025-02-24,2026-05-21,7,3,QWOA weighted Johnson cost alpha=0.5,0.5,210,12.0,12.0,12.0,0.40567624981535877
5,W1,2025-02-24,2026-05-21,7,3,QWOA weighted Johnson cost alpha=1.0,1.0,210,12.0,12.0,12.0,0.27747718051089176
5,W1,2025-02-24,2026-05-21,7,3,QWOA weighted Johnson cost alpha=2.0,2.0,210,12.0,12.0,12.0,0.13060224700016565
6,W1,2025-02-24,2026-05-21,7,4,QWOA complete / Grover-equivalent,,595,34.0,34.0,34.0,1.029411764705882
6,W1,2025-02-24,2026-05-21,7,4,QWOA Johnson,,210,12.0,12.0,12.0,0.5833333333333335
6,W1,2025-02-24,2026-05-21,7,4,QWOA weighted Johnson cost alpha=0.25,0.25,210,12.0,12.0,12.0,0.4998876922368397
6,W1,2025-02-24,2026-05-21,7,4,QWOA weighted Johnson cost alpha=0.5,0.5,210,12.0,12.0,12.0,0.425579357137189
6,W1,2025-02-24,2026-05-21,7,4,QWOA weighted Johnson cost alpha=1.0,1.0,210,12.0,12.0,12.0,0.3005582610471761
6,W1,2025-02-24,2026-05-21,7,4,QWOA weighted Johnson cost alpha=2.0,2.0,210,12.0,12.0,12.0,0.1272822330287151
7,W1,2025-02-24,2026-05-21,8,3,QWOA complete / Grover-equivalent,,1540,55.0,55.0,55.0,1.018181818181817
7,W1,2025-02-24,2026-05-21,8,3,QWOA Johnson,,420,15.0,15.0,15.0,0.5333333333333323
7,W1,2025-02-24,2026-05-21,8,3,QWOA weighted Johnson cost alpha=0.25,0.25,420,15.0,15.0,15.0,0.4505061670161433
7,W1,2025-02-24,2026-05-21,8,3,QWOA weighted Johnson cost alpha=0.5,0.5,420,15.0,15.0,15.0,0.3796893815937109
7,W1,2025-02-24,2026-05-21,8,3,QWOA weighted Johnson cost alpha=1.0,1.0,420,15.0,15.0,15.0,0.2696547824584301
7,W1,2025-02-24,2026-05-21,8,3,QWOA weighted Johnson cost alpha=2.0,2.0,420,15.0,15.0,15.0,0.1429788166093927
8,W1,2025-02-24,2026-05-21,8,4,QWOA complete / Grover-equivalent,,2415,69.0,69.0,69.0,1.0144927536231871
8,W1,2025-02-24,2026-05-21,8,4,QWOA Johnson,,560,16.0,16.0,16.0,0.49999999999999956
8,W1,2025-02-24,2026-05-21,8,4,QWOA weighted Johnson cost alpha=0.25,0.25,560,16.0,16.0,16.0,0.42720171296138076
8,W1,2025-02-24,2026-05-21,8,4,QWOA weighted Johnson cost alpha=0.5,0.5,560,16.0,16.0,16.0,0.3636967650756695
8,W1,2025-02-24,2026-05-21,8,4,QWOA weighted Johnson cost alpha=1.0,1.0,560,16.0,16.0,16.0,0.261245376360139
8,W1,2025-02-24,2026-05-21,8,4,QWOA weighted Johnson cost alpha=2.0,2.0,560,16.0,16.0,16.0,0.13133141993763475
9,W2,2023-11-21,2025-02-21,5,2,QWOA complete / Grover-equivalent,,45,9.0,9.0,9.0,1.111111111111111
9,W2,2023-11-21,2025-02-21,5,2,QWOA Johnson,,30,6.0,6.0,6.0,0.8333333333333328
9,W2,2023-11-21,2025-02-21,5,2,QWOA weighted Johnson cost alpha=0.25,0.25,30,6.0,6.0,6.0,0.6637737190653445
9,W2,2023-11-21,2025-02-21,5,2,QWOA weighted Johnson cost alpha=0.5,0.5,30,6.0,6.0,6.0,0.5149058584489548
9,W2,2023-11-21,2025-02-21,5,2,QWOA weighted Johnson cost alpha=1.0,1.0,30,6.0,6.0,6.0,0.2897094214461938
9,W2,2023-11-21,2025-02-21,5,2,QWOA weighted Johnson cost alpha=2.0,2.0,30,6.0,6.0,6.0,0.06647875700488648
10,W2,2023-11-21,2025-02-21,5,3,QWOA complete / Grover-equivalent,,45,9.0,9.0,9.0,1.111111111111111
10,W2,2023-11-21,2025-02-21,5,3,QWOA Johnson,,30,6.0,6.0,6.0,0.8333333333333331
10,W2,2023-11-21,2025-02-21,5,3,QWOA weighted Johnson cost alpha=0.25,0.25,30,6.0,6.0,6.0,0.6859004258633057
10,W2,2023-11-21,2025-02-21,5,3,QWOA weighted Johnson cost alpha=0.5,0.5,30,6.0,6.0,6.0,0.5692509496405997
10,W2,2023-11-21,2025-02-21,5,3,QWOA weighted Johnson cost alpha=1.0,1.0,30,6.0,6.0,6.0,0.445264265414691
10,W2,2023-11-21,2025-02-21,5,3,QWOA weighted Johnson cost alpha=2.0,2.0,30,6.0,6.0,6.0,0.45012128473736956
11,W2,2023-11-21,2025-02-21,6,2,QWOA complete / Grover-equivalent,,105,14.0,14.0,14.0,1.0714285714285712
11,W2,2023-11-21,2025-02-21,6,2,QWOA Johnson,,60,8.0,8.0,8.0,0.7499999999999998
11,W2,2023-11-21,2025-02-21,6,2,QWOA weighted Johnson cost alpha=0.25,0.25,60,8.0,8.0,8.0,0.67660325981642
11,W2,2023-11-21,2025-02-21,6,2,QWOA weighted Johnson cost alpha=0.5,0.5,60,8.0,8.0,8.0,0.5880164122401697
11,W2,2023-11-21,2025-02-21,6,2,QWOA weighted Johnson cost alpha=1.0,1.0,60,8.0,8.0,8.0,0.40157672379773446
11,W2,2023-11-21,2025-02-21,6,2,QWOA weighted Johnson cost alpha=2.0,2.0,60,8.0,8.0,8.0,0.22456324014005702
12,W2,2023-11-21,2025-02-21,6,3,QWOA complete / Grover-equivalent,,190,19.0,19.0,19.0,1.052631578947368
12,W2,2023-11-21,2025-02-21,6,3,QWOA Johnson,,90,9.0,9.0,9.0,0.6666666666666667
12,W2,2023-11-21,2025-02-21,6,3,QWOA weighted Johnson cost alpha=0.25,0.25,90,9.0,9.0,9.0,0.6131313539632094
12,W2,2023-11-21,2025-02-21,6,3,QWOA weighted Johnson cost alpha=0.5,0.5,90,9.0,9.0,9.0,0.5630772690135719
12,W2,2023-11-21,2025-02-21,6,3,QWOA weighted Johnson cost alpha=1.0,1.0,90,9.0,9.0,9.0,0.4790057952948814
12,W2,2023-11-21,2025-02-21,6,3,QWOA weighted Johnson cost alpha=2.0,2.0,90,9.0,9.0,9.0,0.3700916121053043
13,W2,2023-11-21,2025-02-21,6,4,QWOA complete / Grover-equivalent,,105,14.0,14.0,14.0,1.0714285714285712
13,W2,2023-11-21,2025-02-21,6,4,QWOA Johnson,,60,8.0,8.0,8.0,0.7499999999999998
13,W2,2023-11-21,2025-02-21,6,4,QWOA weighted Johnson cost alpha=0.25,0.25,60,8.0,8.0,8.0,0.6741451561105765
13,W2,2023-11-21,2025-02-21,6,4,QWOA weighted Johnson cost alpha=0.5,0.5,60,8.0,8.0,8.0,0.596511818967095
13,W2,2023-11-21,2025-02-21,6,4,QWOA weighted Johnson cost alpha=1.0,1.0,60,8.0,8.0,8.0,0.444212703466758
13,W2,2023-11-21,2025-02-21,6,4,QWOA weighted Johnson cost alpha=2.0,2.0,60,8.0,8.0,8.0,0.23474765458733626
14,W2,2023-11-21,2025-02-21,7,3,QWOA complete / Grover-equivalent,,595,34.0,34.0,34.0,1.029411764705882
14,W2,2023-11-21,2025-02-21,7,3,QWOA Johnson,,210,12.0,12.0,12.0,0.5833333333333335
14,W2,2023-11-21,2025-02-21,7,3,QWOA weighted Johnson cost alpha=0.25,0.25,210,12.0,12.0,12.0,0.5238356538421798
14,W2,2023-11-21,2025-02-21,7,3,QWOA weighted Johnson cost alpha=0.5,0.5,210,12.0,12.0,12.0,0.47056729373547734
14,W2,2023-11-21,2025-02-21,7,3,QWOA weighted Johnson cost alpha=1.0,1.0,210,12.0,12.0,12.0,0.3825347467534548
14,W2,2023-11-21,2025-02-21,7,3,QWOA weighted Johnson cost alpha=2.0,2.0,210,12.0,12.0,12.0,0.27537064141030065
15,W2,2023-11-21,2025-02-21,7,4,QWOA complete / Grover-equivalent,,595,34.0,34.0,34.0,1.029411764705882
15,W2,2023-11-21,2025-02-21,7,4,QWOA Johnson,,210,12.0,12.0,12.0,0.5833333333333335
15,W2,2023-11-21,2025-02-21,7,4,QWOA weighted Johnson cost alpha=0.25,0.25,210,12.0,12.0,12.0,0.5240724531518788
15,W2,2023-11-21,2025-02-21,7,4,QWOA weighted Johnson cost alpha=0.5,0.5,210,12.0,12.0,12.0,0.47167875243929314
15,W2,2023-11-21,2025-02-21,7,4,QWOA weighted Johnson cost alpha=1.0,1.0,210,12.0,12.0,12.0,0.38588206686202187
15,W2,2023-11-21,2025-02-21,7,4,QWOA weighted Johnson cost alpha=2.0,2.0,210,12.0,12.0,12.0,0.2791439577585605
16,W2,2023-11-21,2025-02-21,8,3,QWOA complete / Grover-equivalent,,1540,55.0,55.0,55.0,1.018181818181817
16,W2,2023-11-21,2025-02-21,8,3,QWOA Johnson,,420,15.0,15.0,15.0,0.5333333333333323
16,W2,2023-11-21,2025-02-21,8,3,QWOA weighted Johnson cost alpha=0.25,0.25,420,15.0,15.0,15.0,0.4819655888270349
16,W2,2023-11-21,2025-02-21,8,3,QWOA weighted Johnson cost alpha=0.5,0.5,420,15.0,15.0,15.0,0.43622349516735437
16,W2,2023-11-21,2025-02-21,8,3,QWOA weighted Johnson cost alpha=1.0,1.0,420,15.0,15.0,15.0,0.3601020500985179
16,W2,2023-11-21,2025-02-21,8,3,QWOA weighted Johnson cost alpha=2.0,2.0,420,15.0,15.0,15.0,0.2517627040687206
17,W2,2023-11-21,2025-02-21,8,4,QWOA complete / Grover-equivalent,,2415,69.0,69.0,69.0,1.0144927536231871
17,W2,2023-11-21,2025-02-21,8,4,QWOA Johnson,,560,16.0,16.0,16.0,0.49999999999999956
17,W2,2023-11-21,2025-02-21,8,4,QWOA weighted Johnson cost alpha=0.25,0.25,560,16.0,16.0,16.0,0.45294927887000347
17,W2,2023-11-21,2025-02-21,8,4,QWOA weighted Johnson cost alpha=0.5,0.5,560,16.0,16.0,16.0,0.41051690078922454
17,W2,2023-11-21,2025-02-21,8,4,QWOA weighted Johnson cost alpha=1.0,1.0,560,16.0,16.0,16.0,0.3379891036584214
17,W2,2023-11-21,2025-02-21,8,4,QWOA weighted Johnson cost alpha=2.0,2.0,560,16.0,16.0,16.0,0.23218202749254402
18,W3,2022-08-24,2023-11-20,5,2,QWOA complete / Grover-equivalent,,45,9.0,9.0,9.0,1.111111111111111
18,W3,2022-08-24,2023-11-20,5,2,QWOA Johnson,,30,6.0,6.0,6.0,0.8333333333333328
18,W3,2022-08-24,2023-11-20,5,2,QWOA weighted Johnson cost alpha=0.25,0.25,30,6.0,6.0,6.0,0.6884290030836451
18,W3,2022-08-24,2023-11-20,5,2,QWOA weighted Johnson cost alpha=0.5,0.5,30,6.0,6.0,6.0,0.5711317531665736
18,W3,2022-08-24,2023-11-20,5,2,QWOA weighted Johnson cost alpha=1.0,1.0,30,6.0,6.0,6.0,0.4356318298962867
18,W3,2022-08-24,2023-11-20,5,2,QWOA weighted Johnson cost alpha=2.0,2.0,30,6.0,6.0,6.0,0.40701116310688323
19,W3,2022-08-24,2023-11-20,5,3,QWOA complete / Grover-equivalent,,45,9.0,9.0,9.0,1.111111111111111
19,W3,2022-08-24,2023-11-20,5,3,QWOA Johnson,,30,6.0,6.0,6.0,0.8333333333333331
19,W3,2022-08-24,2023-11-20,5,3,QWOA weighted Johnson cost alpha=0.25,0.25,30,6.0,6.0,6.0,0.6773737622960715
19,W3,2022-08-24,2023-11-20,5,3,QWOA weighted Johnson cost alpha=0.5,0.5,30,6.0,6.0,6.0,0.5524916489000237
19,W3,2022-08-24,2023-11-20,5,3,QWOA weighted Johnson cost alpha=1.0,1.0,30,6.0,6.0,6.0,0.4115580036368508
19,W3,2022-08-24,2023-11-20,5,3,QWOA weighted Johnson cost alpha=2.0,2.0,30,6.0,6.0,6.0,0.3781038495513701
20,W3,2022-08-24,2023-11-20,6,2,QWOA complete / Grover-equivalent,,105,14.0,14.0,14.0,1.0714285714285712
20,W3,2022-08-24,2023-11-20,6,2,QWOA Johnson,,60,8.0,8.0,8.0,0.7499999999999998
20,W3,2022-08-24,2023-11-20,6,2,QWOA weighted Johnson cost alpha=0.25,0.25,60,8.0,8.0,8.0,0.6546457488548696
20,W3,2022-08-24,2023-11-20,6,2,QWOA weighted Johnson cost alpha=0.5,0.5,60,8.0,8.0,8.0,0.5666471639926147
20,W3,2022-08-24,2023-11-20,6,2,QWOA weighted Johnson cost alpha=1.0,1.0,60,8.0,8.0,8.0,0.4146709039536266
20,W3,2022-08-24,2023-11-20,6,2,QWOA weighted Johnson cost alpha=2.0,2.0,60,8.0,8.0,8.0,0.26005742149946776
21,W3,2022-08-24,2023-11-20,6,3,QWOA complete / Grover-equivalent,,190,19.0,19.0,19.0,1.052631578947368
21,W3,2022-08-24,2023-11-20,6,3,QWOA Johnson,,90,9.0,9.0,9.0,0.6666666666666667
21,W3,2022-08-24,2023-11-20,6,3,QWOA weighted Johnson cost alpha=0.25,0.25,90,9.0,9.0,9.0,0.6028524327133205
21,W3,2022-08-24,2023-11-20,6,3,QWOA weighted Johnson cost alpha=0.5,0.5,90,9.0,9.0,9.0,0.5449059645312466
21,W3,2022-08-24,2023-11-20,6,3,QWOA weighted Johnson cost alpha=1.0,1.0,90,9.0,9.0,9.0,0.45743202672480265
21,W3,2022-08-24,2023-11-20,6,3,QWOA weighted Johnson cost alpha=2.0,2.0,90,9.0,9.0,9.0,0.38591616542497764
22,W3,2022-08-24,2023-11-20,6,4,QWOA complete / Grover-equivalent,,105,14.0,14.0,14.0,1.0714285714285712
22,W3,2022-08-24,2023-11-20,6,4,QWOA Johnson,,60,8.0,8.0,8.0,0.7499999999999998
22,W3,2022-08-24,2023-11-20,6,4,QWOA weighted Johnson cost alpha=0.25,0.25,60,8.0,8.0,8.0,0.6755710340095508
22,W3,2022-08-24,2023-11-20,6,4,QWOA weighted Johnson cost alpha=0.5,0.5,60,8.0,8.0,8.0,0.603959033943294
22,W3,2022-08-24,2023-11-20,6,4,QWOA weighted Johnson cost alpha=1.0,1.0,60,8.0,8.0,8.0,0.4765109675923761
22,W3,2022-08-24,2023-11-20,6,4,QWOA weighted Johnson cost alpha=2.0,2.0,60,8.0,8.0,8.0,0.3422557184850019
23,W3,2022-08-24,2023-11-20,7,3,QWOA complete / Grover-equivalent,,595,34.0,34.0,34.0,1.029411764705882
23,W3,2022-08-24,2023-11-20,7,3,QWOA Johnson,,210,12.0,12.0,12.0,0.5833333333333335
23,W3,2022-08-24,2023-11-20,7,3,QWOA weighted Johnson cost alpha=0.25,0.25,210,12.0,12.0,12.0,0.5314662177432952
23,W3,2022-08-24,2023-11-20,7,3,QWOA weighted Johnson cost alpha=0.5,0.5,210,12.0,12.0,12.0,0.48479910825289907
23,W3,2022-08-24,2023-11-20,7,3,QWOA weighted Johnson cost alpha=1.0,1.0,210,12.0,12.0,12.0,0.4068480102426719
23,W3,2022-08-24,2023-11-20,7,3,QWOA weighted Johnson cost alpha=2.0,2.0,210,12.0,12.0,12.0,0.29573216748698394
24,W3,2022-08-24,2023-11-20,7,4,QWOA complete / Grover-equivalent,,595,34.0,34.0,34.0,1.029411764705882
24,W3,2022-08-24,2023-11-20,7,4,QWOA Johnson,,210,12.0,12.0,12.0,0.5833333333333335
24,W3,2022-08-24,2023-11-20,7,4,QWOA weighted Johnson cost alpha=0.25,0.25,210,12.0,12.0,12.0,0.5229768999238211
24,W3,2022-08-24,2023-11-20,7,4,QWOA weighted Johnson cost alpha=0.5,0.5,210,12.0,12.0,12.0,0.47001614226302635
24,W3,2022-08-24,2023-11-20,7,4,QWOA weighted Johnson cost alpha=1.0,1.0,210,12.0,12.0,12.0,0.38581585453976963
24,W3,2022-08-24,2023-11-20,7,4,QWOA weighted Johnson cost alpha=2.0,2.0,210,12.0,12.0,12.0,0.28782056384100985
25,W3,2022-08-24,2023-11-20,8,3,QWOA complete / Grover-equivalent,,1540,55.0,55.0,55.0,1.018181818181817
25,W3,2022-08-24,2023-11-20,8,3,QWOA Johnson,,420,15.0,15.0,15.0,0.5333333333333323
25,W3,2022-08-24,2023-11-20,8,3,QWOA weighted Johnson cost alpha=0.25,0.25,420,15.0,15.0,15.0,0.4606731752828618
25,W3,2022-08-24,2023-11-20,8,3,QWOA weighted Johnson cost alpha=0.5,0.5,420,15.0,15.0,15.0,0.3972491420968075
25,W3,2022-08-24,2023-11-20,8,3,QWOA weighted Johnson cost alpha=1.0,1.0,420,15.0,15.0,15.0,0.2971134037475467
25,W3,2022-08-24,2023-11-20,8,3,QWOA weighted Johnson cost alpha=2.0,2.0,420,15.0,15.0,15.0,0.1820418256103027
26,W3,2022-08-24,2023-11-20,8,4,QWOA complete / Grover-equivalent,,2415,69.0,69.0,69.0,1.0144927536231871
26,W3,2022-08-24,2023-11-20,8,4,QWOA Johnson,,560,16.0,16.0,16.0,0.49999999999999956
26,W3,2022-08-24,2023-11-20,8,4,QWOA weighted Johnson cost alpha=0.25,0.25,560,16.0,16.0,16.0,0.4476309590954196
26,W3,2022-08-24,2023-11-20,8,4,QWOA weighted Johnson cost alpha=0.5,0.5,560,16.0,16.0,16.0,0.4012073003413461
26,W3,2022-08-24,2023-11-20,8,4,QWOA weighted Johnson cost alpha=1.0,1.0,560,16.0,16.0,16.0,0.32407228728695436
26,W3,2022-08-24,2023-11-20,8,4,QWOA weighted Johnson cost alpha=2.0,2.0,560,16.0,16.0,16.0,0.2117436658879719
27,W4,2021-05-27,2022-08-23,5,2,QWOA complete / Grover-equivalent,,45,9.0,9.0,9.0,1.111111111111111
27,W4,2021-05-27,2022-08-23,5,2,QWOA Johnson,,30,6.0,6.0,6.0,0.8333333333333328
27,W4,2021-05-27,2022-08-23,5,2,QWOA weighted Johnson cost alpha=0.25,0.25,30,6.0,6.0,6.0,0.7782437823026979
27,W4,2021-05-27,2022-08-23,5,2,QWOA weighted Johnson cost alpha=0.5,0.5,30,6.0,6.0,6.0,0.7172107961887675
27,W4,2021-05-27,2022-08-23,5,2,QWOA weighted Johnson cost alpha=1.0,1.0,30,6.0,6.0,6.0,0.5912968164993939
27,W4,2021-05-27,2022-08-23,5,2,QWOA weighted Johnson cost alpha=2.0,2.0,30,6.0,6.0,6.0,0.487638135064957
28,W4,2021-05-27,2022-08-23,5,3,QWOA complete / Grover-equivalent,,45,9.0,9.0,9.0,1.111111111111111
28,W4,2021-05-27,2022-08-23,5,3,QWOA Johnson,,30,6.0,6.0,6.0,0.8333333333333331
28,W4,2021-05-27,2022-08-23,5,3,QWOA weighted Johnson cost alpha=0.25,0.25,30,6.0,6.0,6.0,0.7606222964269552
28,W4,2021-05-27,2022-08-23,5,3,QWOA weighted Johnson cost alpha=0.5,0.5,30,6.0,6.0,6.0,0.6905326623492571
28,W4,2021-05-27,2022-08-23,5,3,QWOA weighted Johnson cost alpha=1.0,1.0,30,6.0,6.0,6.0,0.5578409375585749
28,W4,2021-05-27,2022-08-23,5,3,QWOA weighted Johnson cost alpha=2.0,2.0,30,6.0,6.0,6.0,0.3668343116716115
29,W4,2021-05-27,2022-08-23,6,2,QWOA complete / Grover-equivalent,,105,14.0,14.0,14.0,1.0714285714285712
29,W4,2021-05-27,2022-08-23,6,2,QWOA Johnson,,60,8.0,8.0,8.0,0.7499999999999998
29,W4,2021-05-27,2022-08-23,6,2,QWOA weighted Johnson cost alpha=0.25,0.25,60,8.0,8.0,8.0,0.6538985975415901
29,W4,2021-05-27,2022-08-23,6,2,QWOA weighted Johnson cost alpha=0.5,0.5,60,8.0,8.0,8.0,0.5759474535967715
29,W4,2021-05-27,2022-08-23,6,2,QWOA weighted Johnson cost alpha=1.0,1.0,60,8.0,8.0,8.0,0.47525983798876215
29,W4,2021-05-27,2022-08-23,6,2,QWOA weighted Johnson cost alpha=2.0,2.0,60,8.0,8.0,8.0,0.43694548187532833
30,W4,2021-05-27,2022-08-23,6,3,QWOA complete / Grover-equivalent,,190,19.0,19.0,19.0,1.052631578947368
30,W4,2021-05-27,2022-08-23,6,3,QWOA Johnson,,90,9.0,9.0,9.0,0.6666666666666667
30,W4,2021-05-27,2022-08-23,6,3,QWOA weighted Johnson cost alpha=0.25,0.25,90,9.0,9.0,9.0,0.5683935153906923
30,W4,2021-05-27,2022-08-23,6,3,QWOA weighted Johnson cost alpha=0.5,0.5,90,9.0,9.0,9.0,0.482289806292447
30,W4,2021-05-27,2022-08-23,6,3,QWOA weighted Johnson cost alpha=1.0,1.0,90,9.0,9.0,9.0,0.34526630830252414
30,W4,2021-05-27,2022-08-23,6,3,QWOA weighted Johnson cost alpha=2.0,2.0,90,9.0,9.0,9.0,0.1868900777793786
31,W4,2021-05-27,2022-08-23,6,4,QWOA complete / Grover-equivalent,,105,14.0,14.0,14.0,1.0714285714285712
31,W4,2021-05-27,2022-08-23,6,4,QWOA Johnson,,60,8.0,8.0,8.0,0.7499999999999998
31,W4,2021-05-27,2022-08-23,6,4,QWOA weighted Johnson cost alpha=0.25,0.25,60,8.0,8.0,8.0,0.6496288313104295
31,W4,2021-05-27,2022-08-23,6,4,QWOA weighted Johnson cost alpha=0.5,0.5,60,8.0,8.0,8.0,0.5627194870112986
31,W4,2021-05-27,2022-08-23,6,4,QWOA weighted Johnson cost alpha=1.0,1.0,60,8.0,8.0,8.0,0.4259418596751914
31,W4,2021-05-27,2022-08-23,6,4,QWOA weighted Johnson cost alpha=2.0,2.0,60,8.0,8.0,8.0,0.2629328774169172
32,W4,2021-05-27,2022-08-23,7,3,QWOA complete / Grover-equivalent,,595,34.0,34.0,34.0,1.029411764705882
32,W4,2021-05-27,2022-08-23,7,3,QWOA Johnson,,210,12.0,12.0,12.0,0.5833333333333335
32,W4,2021-05-27,2022-08-23,7,3,QWOA weighted Johnson cost alpha=0.25,0.25,210,12.0,12.0,12.0,0.4896422844785181
32,W4,2021-05-27,2022-08-23,7,3,QWOA weighted Johnson cost alpha=0.5,0.5,210,12.0,12.0,12.0,0.4116064857869357
32,W4,2021-05-27,2022-08-23,7,3,QWOA weighted Johnson cost alpha=1.0,1.0,210,12.0,12.0,12.0,0.29991498955968665
32,W4,2021-05-27,2022-08-23,7,3,QWOA weighted Johnson cost alpha=2.0,2.0,210,12.0,12.0,12.0,0.20586501946854752
33,W4,2021-05-27,2022-08-23,7,4,QWOA complete / Grover-equivalent,,595,34.0,34.0,34.0,1.029411764705882
33,W4,2021-05-27,2022-08-23,7,4,QWOA Johnson,,210,12.0,12.0,12.0,0.5833333333333335
33,W4,2021-05-27,2022-08-23,7,4,QWOA weighted Johnson cost alpha=0.25,0.25,210,12.0,12.0,12.0,0.4883242858430106
33,W4,2021-05-27,2022-08-23,7,4,QWOA weighted Johnson cost alpha=0.5,0.5,210,12.0,12.0,12.0,0.40671886124265066
33,W4,2021-05-27,2022-08-23,7,4,QWOA weighted Johnson cost alpha=1.0,1.0,210,12.0,12.0,12.0,0.27966392007106555
33,W4,2021-05-27,2022-08-23,7,4,QWOA weighted Johnson cost alpha=2.0,2.0,210,12.0,12.0,12.0,0.13154470934975027
34,W4,2021-05-27,2022-08-23,8,3,QWOA complete / Grover-equivalent,,1540,55.0,55.0,55.0,1.018181818181817
34,W4,2021-05-27,2022-08-23,8,3,QWOA Johnson,,420,15.0,15.0,15.0,0.5333333333333323
34,W4,2021-05-27,2022-08-23,8,3,QWOA weighted Johnson cost alpha=0.25,0.25,420,15.0,15.0,15.0,0.4553340583949408
34,W4,2021-05-27,2022-08-23,8,3,QWOA weighted Johnson cost alpha=0.5,0.5,420,15.0,15.0,15.0,0.3923948475590814
34,W4,2021-05-27,2022-08-23,8,3,QWOA weighted Johnson cost alpha=1.0,1.0,420,15.0,15.0,15.0,0.3076535634616542
34,W4,2021-05-27,2022-08-23,8,3,QWOA weighted Johnson cost alpha=2.0,2.0,420,15.0,15.0,15.0,0.2498192192529266
35,W4,2021-05-27,2022-08-23,8,4,QWOA complete / Grover-equivalent,,2415,69.0,69.0,69.0,1.0144927536231871
35,W4,2021-05-27,2022-08-23,8,4,QWOA Johnson,,560,16.0,16.0,16.0,0.49999999999999956
35,W4,2021-05-27,2022-08-23,8,4,QWOA weighted Johnson cost alpha=0.25,0.25,560,16.0,16.0,16.0,0.4269013035120367
35,W4,2021-05-27,2022-08-23,8,4,QWOA weighted Johnson cost alpha=0.5,0.5,560,16.0,16.0,16.0,0.36455874677961386
35,W4,2021-05-27,2022-08-23,8,4,QWOA weighted Johnson cost alpha=1.0,1.0,560,16.0,16.0,16.0,0.2680607168190605
35,W4,2021-05-27,2022-08-23,8,4,QWOA weighted Johnson cost alpha=2.0,2.0,560,16.0,16.0,16.0,0.16591269210345305
