AAPL,JPM,KO,MSFT,NVDA
200.56431579589844,255.6972198486328,69.1358413696289,452.2329406738281,132.7987060546875
194.49838256835938,255.73643493652344,69.74809265136719,447.5799865722656,131.25906372070312
199.41885375976562,260.22906494140625,69.7578125,458.02923583984375,135.4680633544922
199.62803649902344,258.46337890625,69.14556121826172,454.718505859375,134.7782440185547
199.15988159179688,259.3266296386719,69.47599029541016,456.0308837890625,139.15721130371094
200.05633544921875,258.96368408203125,70.06879425048828,457.7011413574219,135.09817504882812
200.90298461914062,259.611083984375,69.97160339355469,459.3018798828125,137.34764099121094
202.46676635742188,261.19036865234375,69.15528106689453,460.2961120605469,141.1867218017578
202.01856994628906,259.17950439453125,69.35936737060547,461.1908874511719,141.88656616210938
199.8372039794922,256.9527587890625,68.91232299804688,464.9788818359375,139.95701599121094
203.11419677734375,260.66070556640625,69.33992767333984,467.6632995605469,141.6865997314453
200.65394592285156,261.6513977050781,69.74809265136719,470.0196228027344,142.59640502929688
201.869140625,263.4759216308594,70.31175231933594,468.2001953125,143.92608642578125
197.9945068359375,263.03448486328125,70.03964233398438,469.8903503417969,142.80625915527344
198.412841796875,263.1227722167969,70.2048568725586,476.104248046875,144.9759063720703
195.6737060546875,259.89556884765625,69.50994110107422,472.2168273925781,141.94639587402344
197.63592529296875,265.20233154296875,69.02057647705078,476.3727111816406,144.66595458984375
194.86691284179688,264.3783264160156,68.13971710205078,475.279052734375,144.09603881835938
195.80320739746094,268.7336730957031,67.73843383789062,477.4663391113281,145.455810546875
200.20574951171875,269.7538146972656,67.37629699707031,474.64276123046875,143.8260955810547
200.70376586914062,272.96142578125,68.25715637207031,483.19305419921875,144.1460418701172
199.50851440429688,275.8944091796875,68.71717834472656,487.2793273925781,147.87539672851562
200.76351928710938,278.6409912109375,68.14949798583984,489.4268493652344,154.28436279296875
200.20574951171875,283.24151611328125,67.99291229248047,494.57696533203125,154.99423217773438
200.28543090820312,281.6327819824219,68.83462524414062,493.07568359375,157.72378540039062
204.35926818847656,284.37939453125,69.24568939208984,494.5372009277344,157.96376037597656
206.998779296875,284.8698425292969,70.14612579345703,489.2081298828125,153.2745361328125
211.6005401611328,286.42950439453125,69.40229034423828,488.2536926269531,157.22386169433594
212.70616149902344,291.75201416015625,69.83293151855469,495.9589538574219,159.3135223388672
209.12037658691406,287.7798767089844,69.50016021728516,494.84539794921875,158.21371459960938
209.1801300048828,278.7217712402344,68.74652862548828,493.7517395019531,159.97340393066406
210.3056640625,279.0963134765625,68.00270080566406,500.6019592285156,162.85293579101562
211.5706787109375,284.0540771484375,68.28652954101562,498.58367919921875,164.07273864746094
210.32559204101562,282.7431640625,68.38440704345703,500.4130554199219,164.89259338378906
207.79563903808594,284.5567932128906,67.99291229248047,500.1147766113281,164.04273986816406
208.28370666503906,282.4376220703125,67.88525390625,502.89862060546875,170.671630859375
209.3295440673828,281.7181396484375,67.79715728759766,502.6997375488281,171.34152221679688
209.1901092529297,285.73956298828125,69.0890884399414,508.7446594238281,172.97125244140625
210.34552001953125,287.0898742675781,68.36482238769531,507.10418701171875,172.38134765625
211.64036560058594,286.794189453125,68.58014678955078,507.1141052246094,171.35153198242188
213.5527801513672,287.2475891113281,68.17887115478516,502.3517761230469,167.00225830078125
213.3037872314453,292.5011291503906,67.68950653076172,502.9483337402344,170.75161743164062
212.91531372070312,292.29412841796875,67.63077545166016,507.92938232421875,173.7111358642578
213.0348663330078,294.33441162109375,67.69928741455078,510.74310302734375,173.47117614746094
213.2041778564453,293.9992980957031,66.64225006103516,509.5400390625,176.7206268310547
210.43515014648438,292.777099609375,67.90482330322266,509.6096496582031,175.48081970214844
208.2239227294922,295.3299560546875,67.28822326660156,510.2757568359375,179.24021911621094
206.7498016357422,291.98858642578125,66.44650268554688,530.4187622070312,177.84043884277344
201.58029174804688,285.2171630859375,67.39588165283203,521.0830078125,173.69113159179688
202.5464630126953,290.0370178222656,67.4937515258789,532.54638671875,179.9700927734375
202.11813354492188,287.1884765625,67.58184051513672,524.701904296875,178.23037719726562
212.40733337402344,287.16876220703125,68.03205871582031,521.908203125,179.3901824951172
219.16055297851562,282.8220520019531,68.93250274658203,517.8319091796875,180.73997497558594
228.44374084472656,284.61590576171875,68.84440612792969,519.0249633789062,182.66964721679688
226.53909301757812,285.4044494628906,69.24568939208984,518.7565307617188,182.0297393798828
229.0021209716797,288.6472473144531,69.20654296875,526.183349609375,183.1295623779297
232.6717529296875,286.36053466796875,68.96185302734375,517.5734252929688,181.55982971191406
232.12330627441406,289.9384460449219,68.07120513916016,519.4623413085938,181.98974609375
230.93667602539062,286.3210754394531,68.43334197998047,517.1657104492188,180.42001342773438
230.23863220214844,287.3461608886719,67.6601333618164,514.1134033203125,181.979736328125
229.90957641601562,286.4886779785156,68.63887023925781,506.8258056640625,175.61080932617188
225.3723907470703,288.04595947265625,69.1967544555664,502.7991943359375,175.370849609375
224.26551818847656,287.28704833984375,69.15760803222656,502.15185546875,174.95091247558594
227.11746215820312,291.98858642578125,68.63887023925781,505.1295166015625,177.96043395996094
226.5191650390625,290.6678161621094,67.46439361572266,502.17181396484375,179.78012084960938
228.6630859375,294.2851257324219,67.26864624023438,499.96099853515625,181.7397918701172
229.8397674560547,294.9849548339844,67.36651611328125,504.6415100097656,181.56983947753906
231.90391540527344,296.749267578125,66.90650939941406,507.5295104980469,180.1400604248047
231.485107421875,297.09423828125,67.52310943603516,504.59173583984375,174.1510467529297
229.07192993164062,295.3989562988281,67.59162139892578,503.0282287597656,170.75161743164062
237.7972412109375,295.211669921875,67.52310943603516,503.2572937011719,170.59165954589844
239.10354614257812,299.4598083496094,66.7988510131836,505.866455078125,171.63148498535156
239.01380920410156,290.1553039550781,66.5150146484375,492.9501647949219,166.9922637939453
237.20892333984375,288.7063903808594,65.99628448486328,496.13690185546875,168.2820281982422
233.6888885498047,293.57550048828125,66.41714477539062,496.3460388183594,170.7316131591797
226.1501922607422,296.22686767578125,66.37799072265625,498.29791259765625,177.300537109375
229.3810577392578,301.1748046875,66.18224334716797,498.9352722167969,177.1505584716797
233.40966796875,302.5054626464844,65.58521270751953,507.7884521484375,177.80047607421875
236.03224182128906,304.4668884277344,65.29920196533203,513.225830078125,177.73049926757812
237.4781494140625,304.75274658203125,65.32878875732422,506.9320068359375,174.86080932617188
238.3157958984375,307.2759704589844,66.11778259277344,507.9079284667969,170.27130126953125
237.20892333984375,308.7347717285156,65.54576110839844,506.3444519042969,176.2206573486328
244.80740356445312,310.26251220703125,65.51617431640625,515.78515625,176.6505889892578
255.35755920410156,307.9560852050781,65.29920196533203,512.319580078125,183.58984375
253.7122344970703,308.25177001953125,65.79232788085938,507.1212463378906,178.410400390625
251.59820556640625,308.92205810546875,65.53589630126953,508.0373840332031,176.9505615234375
256.1453552246094,308.95159912109375,65.07237243652344,504.9303283691406,177.67050170898438
254.73931884765625,311.52410888671875,64.7666244506836,509.34197998046875,178.17044067382812
253.7122344970703,311.1594543457031,65.13153839111328,512.4689331054688,181.83004760742188
253.9116668701172,310.9031677246094,65.40768432617188,515.8051147460938,186.55950927734375
254.72933959960938,306.25091552734375,65.86136627197266,517.557861328125,187.21945190429688
256.40460205078125,303.1362609863281,65.19071197509766,513.604248046875,188.8692626953125
257.2920837402344,305.5806579589844,65.73314666748047,515.20751953125,187.5994110107422
255.96585083007812,306.22442626953125,65.19071197509766,526.3811645507812,185.51962280273438
255.7564697265625,304.74871826171875,65.87122344970703,521.8101196289062,185.01968383789062
257.33197021484375,301.1236572265625,65.21044158935547,522.676513671875,189.0892333984375
253.32330322265625,302.6093444824219,65.45700073242188,520.2366943359375,192.54885864257812
244.57806396484375,298.0137023925781,66.11778259277344,508.84405517578125,183.139892578125
246.96131896972656,305.0260314941406,65.88108825683594,511.9212341308594,188.29933166503906
247.07101440429688,299.19232177734375,66.5813217163086,511.4432373046875,180.01022338867188
248.63658142089844,302.767822265625,66.15723419189453,511.3038024902344,179.8102569580078
246.75192260742188,295.6861572265625,66.66021728515625,509.4913330078125,181.7900390625
251.57826232910156,294.7155456542969,67.49852752685547,511.4532470703125,183.19989013671875
261.5001525878906,299.4696350097656,67.49852752685547,514.6498413085938,182.6199493408203
262.0286865234375,294.25,70.24028015136719,515.5162963867188,181.14010620117188
257.72088623046875,291.29852294921875,69.8359146118164,518.3843994140625,180.2602081298828
258.84771728515625,291.72442626953125,68.97789764404297,518.404296875,182.13999938964844
262.07855224609375,297.5679931640625,68.75105285644531,521.441650390625,186.23953247070312
268.0516357421875,301.2425231933594,69.09623718261719,529.3189697265625,191.46897888183594
268.2410888671875,302.44097900390625,69.19486999511719,539.8252563476562,201.0079345703125
268.93914794921875,302.5895690917969,67.40975952148438,539.307373046875,207.01727294921875
270.63433837890625,306.4819641113281,68.03109741210938,523.582763671875,202.8677215576172
269.60723876953125,308.1459045410156,67.95219421386719,515.6656494140625,202.4677734375
268.2909851074219,306.3928527832031,67.03499603271484,514.888916015625,206.85728454589844
269.2781982421875,306.2937927246094,67.71550750732422,512.2001342773438,198.66818237304688
269.3778991699219,308.7005615234375,67.56756591796875,505.0597839355469,195.18858337402344
269.0089416503906,310.4239501953125,68.10999298095703,495.04144287109375,188.05935668945312
267.7126159667969,311.20635986328125,69.57950592041016,494.7626037597656,188.1293487548828
268.9303283691406,313.86077880859375,69.5499038696289,503.9045715332031,199.0281524658203
274.73956298828125,312.6029052734375,70.62491607666016,506.573486328125,193.1387939453125
272.962890625,317.34710693359375,70.52629089355469,509.0233154296875,193.7787322998047
272.4438171386719,306.5216064453125,70.09234619140625,501.205810546875,186.8394775390625
271.90484619140625,300.70770263671875,70.18110656738281,508.0672607421875,190.14910888671875
266.9639892578125,297.4986572265625,69.70771026611328,505.3883972167969,186.5795135498047
266.94403076171875,296.5478515625,70.24028015136719,491.74517822265625,181.340087890625
268.0619812011719,300.3709411621094,70.13179779052734,485.1027526855469,186.49952697753906
265.7562561035156,295.5277099609375,70.23042297363281,477.3404846191406,180.6201629638672
270.98651123046875,295.1711120605469,71.94647979736328,471.04486083984375,178.86036682128906
275.4083557128906,295.1513366699219,71.5914306640625,472.92059326171875,182.52996826171875
276.45635986328125,300.103515625,71.61116790771484,475.90374755859375,177.80047607421875
277.0353088378906,304.6991882324219,71.87744903564453,484.3943786621094,180.24020385742188
278.3328857421875,310.0871887207031,72.11414337158203,490.88958740234375,176.98056030273438
282.57501220703125,305.96697998046875,71.45864868164062,485.6315612792969,179.90025329589844
285.6592712402344,304.9368896484375,70.18739318847656,488.8841552734375,181.44007873535156
283.623046875,309.1462707519531,70.32643127441406,476.64208984375,179.57028198242188
280.179443359375,313.07830810546875,69.9688949584961,479.7449951171875,183.37008666992188
278.26300048828125,312.0284729003906,69.52196502685547,482.0597229003906,182.40013122558594
277.3746643066406,312.1968078613281,69.770263671875,489.9018249511719,185.5399627685547
276.6659851074219,297.6373596191406,69.6113510131836,490.8995361328125,184.95999145507812
278.26300048828125,307.1455383300781,69.73052978515625,477.4701843261719,183.77005004882812
277.514404296875,314.3460693359375,68.63804626464844,482.3690185546875,180.92019653320312
277.763916015625,315.47515869140625,70.03841400146484,477.4402770996094,175.01052856445312
273.6016540527344,316.9608459472656,70.48534393310547,473.73870849609375,176.28045654296875
274.1007385253906,312.5335388183594,69.88944244384766,475.3051452636719,177.71038818359375
271.33587646484375,311.9690246582031,70.18739318847656,475.0357360839844,170.93075561523438
271.68524169921875,310.0079345703125,69.87950897216797,482.87786865234375,174.1305694580078
273.1625061035156,314.17767333984375,69.58155822753906,484.8134460449219,180.98020935058594
270.4674987792969,320.00146484375,69.73052978515625,483.81573486328125,183.6800537109375
271.85491943359375,322.8143310546875,69.39286041259766,485.7413330078125,189.19976806640625
273.3022155761719,326.02337646484375,69.63121795654297,486.90863037109375,188.59979248046875
272.89300537109375,324.7754211425781,69.39286041259766,486.599365234375,190.51968383789062
273.2523498535156,320.6551818847656,69.68087768554688,485.9907531738281,188.20980834960938
272.57354736328125,320.3283386230469,69.59149169921875,486.3699035644531,187.52984619140625
271.3558349609375,319.1398010253906,69.43258666992188,482.5186767578125,186.4899139404297
270.5074462890625,322.36865234375,68.64797973632812,471.8630065917969,188.83978271484375
266.764404296875,330.8468322753906,67.47603607177734,471.773193359375,188.1098175048828
261.87347412109375,332.90625,67.37671661376953,477.4203186035156,187.22987365722656
259.84722900390625,325.3250732421875,67.07876586914062,482.3690185546875,189.09976196289062
258.55963134765625,328.11083984375,68.89627075195312,477.0212097167969,185.0299835205078
258.8890075683594,327.5138854980469,70.02848815917969,478.1885681152344,184.84999084472656
259.7673645019531,322.8377990722656,70.0185546875,476.09332275390625,184.92999267578125
260.5658874511719,309.3169860839844,70.75350189208984,469.5981750488281,185.79994201660156
259.4779052734375,306.30242919921875,70.95214080810547,458.3338928222656,183.1300811767578
257.7311706542969,307.68536376953125,69.99869537353516,455.6200866699219,187.03988647460938
255.05612182617188,310.8789978027344,69.95896911621094,458.8127746582031,186.21990966796875
246.2425079345703,301.19854736328125,71.26001739501953,453.48492431640625,178.06036376953125
247.1907501220703,300.50213623046875,71.51824188232422,443.0986328125,183.31008911132812
247.8894500732422,302.0840148925781,71.37920379638672,450.1126403808594,184.82998657226562
247.58001708984375,296.2041015625,72.3823013305664,464.888916015625,187.6598358154297
254.93637084960938,299.5072021484375,72.06448364257812,469.20904541015625,186.4599151611328
257.7910461425781,298.7809143066406,73.0477294921875,479.485595703125,188.50979614257812
255.96444702148438,299.2385559082031,72.56106567382812,480.533203125,191.5096435546875
257.801025390625,304.8598327636719,72.92854309082031,432.5128173828125,192.49957275390625
258.99884033203125,304.33251953125,74.29911804199219,429.31011962890625,191.11965942382812
269.50927734375,306.5710754394531,74.8155746459961,422.4058837890625,185.59996032714844
268.98028564453125,313.24688720703125,76.36491394042969,410.2735595703125,180.33023071289062
275.97723388671875,315.654541015625,76.82176971435547,413.2467956542969,174.18057250976562
275.3983459472656,308.5807800292969,77.9738540649414,392.7735290527344,171.87069702148438
277.6042175292969,320.7584533691406,78.49030303955078,400.22650146484375,185.39996337890625
274.3672180175781,320.4599914550781,77.43754577636719,412.65814208984375,190.0297088623047
273.4280700683594,316.659423828125,76.28546142578125,412.328857421875,188.52978515625
275.24639892578125,309.2374267578125,78.06324005126953,403.4491271972656,190.0397186279297
261.4891052246094,301.09906005859375,78.46051025390625,400.9248962402344,186.9298858642578
255.5445556640625,301.0094909667969,78.14269256591797,400.4060974121094,182.80010986328125
263.6371154785156,305.5661926269531,79.01667785644531,395.95623779296875,184.95999145507812
264.106689453125,307.2077941894531,78.94715881347656,398.69000244140625,187.96981811523438
260.3401184082031,306.48150634765625,78.37112426757812,398.4599914550781,187.88983154296875
264.3364562988281,309.20758056640625,79.29476928710938,397.2300109863281,189.8097381591797
265.9349670410156,296.1543884277344,80.00984954833984,384.4700012207031,191.53964233398438
271.8895263671875,295.7862243652344,80.16876220703125,389.0,192.83956909179688
273.97760009765625,301.75567626953125,79.92047119140625,400.6000061035156,195.54940795898438
272.6987609863281,304.5712890625,79.95026397705078,401.7200012207031,184.87998962402344
263.93682861328125,298.7709655761719,81.00302124023438,392.739990234375,177.180419921875
264.476318359375,296.044921875,79.67218017578125,398.54998779296875,182.47012329101562
263.5072326660156,298.7311706542969,78.79817962646484,403.92999267578125,180.04025268554688
262.2783508300781,297.8656311035156,77.566650390625,405.20001220703125,183.03009033203125
260.0504150390625,292.0553283691406,76.50395965576172,410.67999267578125,183.330078125
257.2229919433594,288.0060729980469,76.5138931274414,408.9599914550781,177.8103790283203
259.6407775878906,288.44384765625,77.26870727539062,409.4100036621094,182.64010620117188
260.58990478515625,287.2598876953125,77.34815216064453,405.760009765625,184.760009765625
260.5699157714844,286.0560302734375,77.09986114501953,404.8800048828125,186.02999877929688
255.52456665039062,281.44964599609375,77.08000183105469,401.8599853515625,183.13999938964844
249.8897705078125,281.996826171875,77.33999633789062,395.54998779296875,180.25
252.58729553222656,284.7029724121094,77.81999969482422,399.95001220703125,183.22000122070312
253.99598693847656,285.42926025390625,77.58000183105469,399.4100036621094,181.92999267578125
249.70994567871094,286.27490234375,75.97000122070312,391.7900085449219,180.39999389648438
248.73085021972656,286.5037536621094,75.55000305175781,389.0199890136719,178.55999755859375
247.76173400878906,285.1009216308594,74.75,381.8699951171875,172.6999969482422
251.25851440429688,288.4338684082031,75.11000061035156,383.0,175.63999938964844
251.4083709716797,290.91119384765625,74.66999816894531,372.739990234375,175.1999969482422
252.38746643066406,293.91583251953125,75.25,371.0400085449219,178.67999267578125
252.6572265625,290.1749572753906,74.69000244140625,365.9700012207031,171.24000549316406
248.57098388671875,281.3998718261719,75.70999908447266,356.7699890136719,167.52000427246094
246.40298461914062,282.32513427734375,76.2699966430664,358.9599914550781,165.1699981689453
253.55638122558594,292.6622314453125,76.05000305175781,370.1700134277344,174.39999389648438
255.3946990966797,293.87603759765625,76.08000183105469,369.3699951171875,175.75
255.68443298339844,293.1000061035156,76.72000122070312,373.4599914550781,177.38999938964844
258.6217041015625,295.45001220703125,77.22000122070312,372.8800048828125,177.63999938964844
253.26666259765625,297.3999938964844,75.91000366210938,372.2900085449219,178.10000610351562
258.66168212890625,307.9700012207031,77.29000091552734,374.3299865722656,182.0800018310547
260.2502136230469,310.3299865722656,78.18000030517578,373.07000732421875,183.91000366210938
260.240234375,309.8699951171875,77.47000122070312,370.8699951171875,188.6300048828125
258.96142578125,313.67999267578125,76.41000366210938,384.3699951171875,189.30999755859375
258.59173583984375,311.1199951171875,75.9000015258789,393.1099853515625,196.50999450683594
266.18475341796875,305.92999267578125,75.30999755859375,411.2200012207031,198.8699951171875
263.15753173828125,309.95001220703125,75.18000030517578,420.260009765625,198.35000610351562
269.98126220703125,310.2900085449219,75.73999786376953,422.7900085449219,201.67999267578125
272.79864501953125,316.989990234375,75.4800033569336,418.07000732421875,202.05999755859375
265.9250183105469,313.0,74.69999694824219,424.1600036621094,199.8800048828125
272.9185791015625,313.0199890136719,74.62999725341797,432.9200134277344,202.5
273.1783142089844,311.69000244140625,76.27999877929688,415.75,199.63999938964844
270.81048583984375,308.2799987792969,76.62999725341797,424.6199951171875,208.27000427246094
267.3636474609375,311.6300048828125,75.44000244140625,424.82000732421875,216.61000061035156
270.4608154296875,311.45001220703125,78.3499984741211,429.25,213.1699981689453
269.92132568359375,309.25,78.87000274658203,424.4599914550781,209.25
271.1002502441406,313.2300109863281,78.76000213623047,407.7799987792969,199.57000732421875
279.88214111328125,312.4700012207031,78.58000183105469,414.44000244140625,198.4499969482422
276.5751647949219,307.6499938964844,78.19000244140625,413.6199951171875,198.47999572753906
283.9184265136719,309.3999938964844,78.4800033569336,411.3800048828125,196.5
287.245361328125,314.8999938964844,79.2300033569336,413.9599914550781,207.8300018310547
287.1754150390625,306.2699890136719,78.43000030517578,420.7699890136719,211.5
293.0500183105469,302.1000061035156,78.41999816894531,415.1199951171875,215.1999969482422
292.67999267578125,300.0,78.66000366210938,412.6600036621094,219.44000244140625
294.79998779296875,304.8800048828125,80.02999877929688,407.7699890136719,220.77999877929688
298.8699951171875,300.25,80.26000213623047,405.2099914550781,225.8300018310547
298.2099914550781,299.9100036621094,80.44999694824219,409.42999267578125,235.74000549316406
300.2300109863281,297.80999755859375,80.81999969482422,421.9200134277344,225.32000732421875
297.8399963378906,300.7300109863281,81.19999694824219,423.5400085449219,222.32000732421875
298.9700012207031,295.70001220703125,81.91999816894531,417.4200134277344,220.61000061035156
302.25,301.9800109863281,81.55000305175781,421.05999755859375,223.47000122070312
304.989990234375,303.0,81.16999816894531,419.0899963378906,219.50999450683594
