instance,window_id,n,k,p,method,start,end,optimizer_seed,penalty,optimizer_fun,optimizer_success,optimizer_message,P_feasible,P_optimal,P_near_optimal_5pct,expected_cost,optimal_cost,normalized_gap,best_sample_x,best_sample_cost,expected_feasible_cost_conditional
0,W1,5,2,1,QWOA weighted Johnson cost alpha=2.0,2025-02-24,2026-05-21,12345878,,-0.21318854530394604,True,Return from COBYLA because the trust region radius reaches its lower bound.,1.0,0.13297573038537175,0.13297573038537175,-0.21318854530394604,-0.3482309453090251,0.4768943953350891,00110,-0.30384800856464067,
0,W1,5,2,2,QWOA weighted Johnson cost alpha=2.0,2025-02-24,2026-05-21,12346078,,-0.24423434693647986,False,Return from COBYLA because the objective function has been evaluated MAXFUN times.,1.0,0.30615542395977124,0.30615542395977124,-0.24423434693647986,-0.3482309453090251,0.3672579493249213,00101,-0.3482309453090251,
0,W1,5,2,3,QWOA weighted Johnson cost alpha=2.0,2025-02-24,2026-05-21,12345778,,-0.26499022750449025,False,Return from COBYLA because the objective function has been evaluated MAXFUN times.,1.0,0.4090549422066572,0.4090549422066572,-0.26499022750449025,-0.3482309453090251,0.2939597621425522,00101,-0.3482309453090251,
1,W1,5,3,1,QWOA weighted Johnson cost alpha=2.0,2025-02-24,2026-05-21,12345878,,-0.33596979484518225,True,Return from COBYLA because the trust region radius reaches its lower bound.,1.0,0.30579355744413605,0.8933658028765697,-0.33596979484518225,-0.3645291646478553,0.08741683101042486,00111,-0.3645291646478553,
1,W1,5,3,2,QWOA weighted Johnson cost alpha=2.0,2025-02-24,2026-05-21,12345678,,-0.3428176460109038,False,Return from COBYLA because the objective function has been evaluated MAXFUN times.,1.0,0.27156842167541423,0.9304215328697785,-0.3428176460109038,-0.3645291646478553,0.06645637381986057,01101,-0.35565375215108436,
1,W1,5,3,3,QWOA weighted Johnson cost alpha=2.0,2025-02-24,2026-05-21,12345978,,-0.35097491033411,False,Return from COBYLA because the objective function has been evaluated MAXFUN times.,1.0,0.3157285813424256,0.9595101410332263,-0.35097491033411,-0.3645291646478553,0.0414879588381567,10101,-0.3605079153652597,
2,W1,6,2,1,QWOA weighted Johnson cost alpha=2.0,2025-02-24,2026-05-21,12345978,,-0.1635479965317432,True,Return from COBYLA because the trust region radius reaches its lower bound.,1.0,0.05929371223193763,0.05929371223193763,-0.1635479965317432,-0.3482309453090251,0.3997615145986621,101000,-0.30516909742419,
2,W1,6,2,2,QWOA weighted Johnson cost alpha=2.0,2025-02-24,2026-05-21,12345678,,-0.23428195201306984,False,Return from COBYLA because the objective function has been evaluated MAXFUN times.,1.0,0.27130636299405964,0.27130636299405964,-0.23428195201306984,-0.3482309453090251,0.24665201876280274,001010,-0.3482309453090251,
2,W1,6,2,3,QWOA weighted Johnson cost alpha=2.0,2025-02-24,2026-05-21,12345978,,-0.22888237890462937,False,Return from COBYLA because the objective function has been evaluated MAXFUN times.,1.0,0.26381260288490277,0.26381260288490277,-0.22888237890462937,-0.3482309453090251,0.2583398412624286,001010,-0.3482309453090251,
3,W1,6,3,1,QWOA weighted Johnson cost alpha=2.0,2025-02-24,2026-05-21,12345878,,-0.2712262963809012,True,Return from COBYLA because the trust region radius reaches its lower bound.,1.0,0.17259920269283957,0.5025212024021738,-0.2712262963809012,-0.3645291646478553,0.17926699721465716,101010,-0.3605079153652597,
3,W1,6,3,2,QWOA weighted Johnson cost alpha=2.0,2025-02-24,2026-05-21,12345978,,-0.30780620282302984,False,Return from COBYLA because the objective function has been evaluated MAXFUN times.,1.0,0.2643795023774127,0.7902956261033628,-0.30780620282302984,-0.3645291646478553,0.10898437774028832,101010,-0.3605079153652597,
3,W1,6,3,3,QWOA weighted Johnson cost alpha=2.0,2025-02-24,2026-05-21,12346078,,-0.3111816497359075,False,Return from COBYLA because the objective function has been evaluated MAXFUN times.,1.0,0.26626664763733404,0.7725101048120753,-0.3111816497359075,-0.3645291646478553,0.10249897977162395,101010,-0.3605079153652597,
4,W1,6,4,1,QWOA weighted Johnson cost alpha=2.0,2025-02-24,2026-05-21,12345978,,-0.2746220471626831,True,Return from COBYLA because the trust region radius reaches its lower bound.,1.0,0.27219733940448854,0.820261720681267,-0.2746220471626831,-0.33826425243008607,0.1111713131723531,011110,-0.33030503333399197,
4,W1,6,4,2,QWOA weighted Johnson cost alpha=2.0,2025-02-24,2026-05-21,12346078,,-0.29687340600845946,False,Return from COBYLA because the objective function has been evaluated MAXFUN times.,1.0,0.31451577398202485,0.8974620959250628,-0.29687340600845946,-0.33826425243008607,0.07230225179460056,011110,-0.33030503333399197,
4,W1,6,4,3,QWOA weighted Johnson cost alpha=2.0,2025-02-24,2026-05-21,12346078,,-0.2942844342483928,False,Return from COBYLA because the objective function has been evaluated MAXFUN times.,1.0,0.37523088111921393,0.8921505491570821,-0.2942844342483928,-0.33826425243008607,0.07682471277978219,101110,-0.33826425243008607,
5,W1,7,3,1,QWOA weighted Johnson cost alpha=2.0,2025-02-24,2026-05-21,12345978,,-0.21797903367786017,True,Return from COBYLA because the trust region radius reaches its lower bound.,1.0,0.08199924365396655,0.25761255617155965,-0.21797903367786017,-0.3645291646478553,0.2515377701793534,0110100,-0.35565375215108436,
5,W1,7,3,2,QWOA weighted Johnson cost alpha=2.0,2025-02-24,2026-05-21,12345978,,-0.2655551729111157,False,Return from COBYLA because the objective function has been evaluated MAXFUN times.,1.0,0.13012338245743918,0.4324201926279704,-0.2655551729111157,-0.3645291646478553,0.1698783687358588,0110100,-0.35565375215108436,
5,W1,7,3,3,QWOA weighted Johnson cost alpha=2.0,2025-02-24,2026-05-21,12346078,,-0.30828091193956003,False,Return from COBYLA because the objective function has been evaluated MAXFUN times.,1.0,0.24581533287464638,0.6988022071432588,-0.30828091193956003,-0.3645291646478553,0.09654416525650299,1010100,-0.3605079153652597,
6,W1,7,4,1,QWOA weighted Johnson cost alpha=2.0,2025-02-24,2026-05-21,12345978,,-0.21892397441221262,True,Return from COBYLA because the trust region radius reaches its lower bound.,1.0,0.12783468554551145,0.5139223682289196,-0.21892397441221262,-0.33826425243008607,0.18960878742355194,1010101,-0.304939829209674,
6,W1,7,4,2,QWOA weighted Johnson cost alpha=2.0,2025-02-24,2026-05-21,12345678,,-0.28079372709711253,False,Return from COBYLA because the objective function has been evaluated MAXFUN times.,1.0,0.17188636716217637,0.6164526972423154,-0.28079372709711253,-0.33826425243008607,0.09130962992517595,1011100,-0.33826425243008607,
6,W1,7,4,3,QWOA weighted Johnson cost alpha=2.0,2025-02-24,2026-05-21,12345978,,-0.29686903513613494,False,Return from COBYLA because the objective function has been evaluated MAXFUN times.,1.0,0.2393853803583633,0.7388396122542116,-0.29686903513613494,-0.33826425243008607,0.06576905204682865,1011100,-0.33826425243008607,
7,W1,8,3,1,QWOA weighted Johnson cost alpha=2.0,2025-02-24,2026-05-21,12346078,,-0.22157025250017118,True,Return from COBYLA because the trust region radius reaches its lower bound.,1.0,0.01952618041880837,0.01952618041880837,-0.22157025250017118,-0.4492870568015065,0.3412128249213189,00111000,-0.3645291646478553,
7,W1,8,3,2,QWOA weighted Johnson cost alpha=2.0,2025-02-24,2026-05-21,12345978,,-0.30252299765537904,False,Return from COBYLA because the objective function has been evaluated MAXFUN times.,1.0,0.2044703145065228,0.2044703145065228,-0.30252299765537904,-0.4492870568015065,0.21991253290162222,00101001,-0.4492870568015065,
7,W1,8,3,3,QWOA weighted Johnson cost alpha=2.0,2025-02-24,2026-05-21,12345678,,-0.30848067111460126,False,Return from COBYLA because the objective function has been evaluated MAXFUN times.,1.0,0.2146207251685555,0.2146207251685555,-0.30848067111460126,-0.4492870568015065,0.21098550357141105,00101001,-0.4492870568015065,
8,W1,8,4,1,QWOA weighted Johnson cost alpha=2.0,2025-02-24,2026-05-21,12346078,,-0.23266282849304962,True,Return from COBYLA because the trust region radius reaches its lower bound.,1.0,0.024142018529961683,0.053004449586929694,-0.23266282849304962,-0.41460945582211883,0.25060026746152775,01101010,-0.2860365557724215,
8,W1,8,4,2,QWOA weighted Johnson cost alpha=2.0,2025-02-24,2026-05-21,12345778,,-0.31581826607351865,False,Return from COBYLA because the objective function has been evaluated MAXFUN times.,1.0,0.23318775701159447,0.4189527872776023,-0.31581826607351865,-0.41460945582211883,0.1360679169340467,00111001,-0.41460945582211883,
8,W1,8,4,3,QWOA weighted Johnson cost alpha=2.0,2025-02-24,2026-05-21,12346078,,-0.3234871338127074,False,Return from COBYLA because the objective function has been evaluated MAXFUN times.,1.0,0.23559502252707498,0.4289440571623262,-0.3234871338127074,-0.41460945582211883,0.12550536716448177,00111001,-0.41460945582211883,
9,W2,5,2,1,QWOA weighted Johnson cost alpha=2.0,2023-11-21,2025-02-21,12345778,,-0.3012320125593561,True,Return from COBYLA because the trust region radius reaches its lower bound.,1.0,0.18323468933905174,0.18323468933905174,-0.3012320125593561,-0.3440137096772169,0.23423974039228282,00011,-0.31463719637256615,
9,W2,5,2,2,QWOA weighted Johnson cost alpha=2.0,2023-11-21,2025-02-21,12345878,,-0.30956508059281124,False,Return from COBYLA because the objective function has been evaluated MAXFUN times.,1.0,0.20429449076202078,0.20429449076202078,-0.30956508059281124,-0.3440137096772169,0.18861425509537408,00011,-0.31463719637256615,
9,W2,5,2,3,QWOA weighted Johnson cost alpha=2.0,2023-11-21,2025-02-21,12345678,,-0.31219430667436776,False,Return from COBYLA because the objective function has been evaluated MAXFUN times.,1.0,0.3158666629267913,0.3158666629267913,-0.31219430667436776,-0.3440137096772169,0.1742186308853354,01010,-0.3440137096772169,
10,W2,5,3,1,QWOA weighted Johnson cost alpha=2.0,2023-11-21,2025-02-21,12345878,,-0.37481251337982546,False,Return from COBYLA because the objective function has been evaluated MAXFUN times.,1.0,0.07943580835753228,0.07943580835753228,-0.37481251337982546,-0.44457072089469796,0.3382307654465476,11010,-0.4119928363771773,
10,W2,5,3,2,QWOA weighted Johnson cost alpha=2.0,2023-11-21,2025-02-21,12345678,,-0.379885796678435,False,Return from COBYLA because the objective function has been evaluated MAXFUN times.,1.0,0.09857189404082385,0.09857189404082385,-0.379885796678435,-0.44457072089469796,0.313632362555389,10011,-0.4002524161905197,
10,W2,5,3,3,QWOA weighted Johnson cost alpha=2.0,2023-11-21,2025-02-21,12345678,,-0.3780306865580045,False,Return from COBYLA because the objective function has been evaluated MAXFUN times.,1.0,0.09458405535633777,0.09458405535633777,-0.3780306865580045,-0.44457072089469796,0.3226270792829808,11010,-0.4119928363771773,
11,W2,6,2,1,QWOA weighted Johnson cost alpha=2.0,2023-11-21,2025-02-21,12345778,,-0.30631483096281625,False,Return from COBYLA because the objective function has been evaluated MAXFUN times.,1.0,0.09227616137406225,0.09227616137406225,-0.30631483096281625,-0.46501929200781644,0.5226623850373375,010001,-0.33940351435366994,
11,W2,6,2,2,QWOA weighted Johnson cost alpha=2.0,2023-11-21,2025-02-21,12345778,,-0.33132295232970166,False,Return from COBYLA because the objective function has been evaluated MAXFUN times.,1.0,0.08795926671149763,0.08795926671149763,-0.33132295232970166,-0.46501929200781644,0.4403029839666056,001001,-0.3072754542557321,
11,W2,6,2,3,QWOA weighted Johnson cost alpha=2.0,2023-11-21,2025-02-21,12345978,,-0.3381176217871483,False,Return from COBYLA because the objective function has been evaluated MAXFUN times.,1.0,0.09819968274873563,0.09819968274873563,-0.3381176217871483,-0.46501929200781644,0.4179260569364167,010001,-0.33940351435366994,
12,W2,6,3,1,QWOA weighted Johnson cost alpha=2.0,2023-11-21,2025-02-21,12345978,,-0.44663010402894543,True,Return from COBYLA because the trust region radius reaches its lower bound.,1.0,0.07101400301945827,0.07101400301945827,-0.44663010402894543,-0.5650387654012196,0.3624246847144283,010101,-0.5374371618780747,
12,W2,6,3,2,QWOA weighted Johnson cost alpha=2.0,2023-11-21,2025-02-21,12345978,,-0.4795883633135421,False,Return from COBYLA because the objective function has been evaluated MAXFUN times.,1.0,0.15686385702374164,0.15686385702374164,-0.4795883633135421,-0.5650387654012196,0.2615461966754336,010101,-0.5374371618780747,
12,W2,6,3,3,QWOA weighted Johnson cost alpha=2.0,2023-11-21,2025-02-21,12345878,,-0.4570236672888735,False,Return from COBYLA because the objective function has been evaluated MAXFUN times.,1.0,0.05700209443372499,0.05700209443372499,-0.4570236672888735,-0.5650387654012196,0.3306121142159248,100101,-0.5355328781492565,
13,W2,6,4,1,QWOA weighted Johnson cost alpha=2.0,2023-11-21,2025-02-21,12345978,,-0.5651647982127818,True,Return from COBYLA because the trust region radius reaches its lower bound.,1.0,0.18946840757285524,0.4006526418299946,-0.5651647982127818,-0.6417850805806353,0.25463807275369826,001111,-0.6157374570627099,
13,W2,6,4,2,QWOA weighted Johnson cost alpha=2.0,2023-11-21,2025-02-21,12345678,,-0.5916337182348964,False,Return from COBYLA because the objective function has been evaluated MAXFUN times.,1.0,0.20819472195428332,0.42157648153258,-0.5916337182348964,-0.6417850805806353,0.16667187667594993,100111,-0.6323995272590321,
13,W2,6,4,3,QWOA weighted Johnson cost alpha=2.0,2023-11-21,2025-02-21,12346078,,-0.6123007182724397,False,Return from COBYLA because the objective function has been evaluated MAXFUN times.,1.0,0.2719491276415782,0.5774791407197791,-0.6123007182724397,-0.6417850805806353,0.09798764716743813,100111,-0.6323995272590321,
14,W2,7,3,1,QWOA weighted Johnson cost alpha=2.0,2023-11-21,2025-02-21,12345678,,-0.4342282291066569,True,Return from COBYLA because the trust region radius reaches its lower bound.,1.0,0.06586994029835212,0.06586994029835212,-0.4342282291066569,-0.5650387654012196,0.3053369369514539,0101010,-0.5374371618780747,
14,W2,7,3,2,QWOA weighted Johnson cost alpha=2.0,2023-11-21,2025-02-21,12345878,,-0.46527332958715434,False,Return from COBYLA because the objective function has been evaluated MAXFUN times.,1.0,0.1699120558922865,0.1699120558922865,-0.46527332958715434,-0.5650387654012196,0.23287170474172092,0101010,-0.5374371618780747,
14,W2,7,3,3,QWOA weighted Johnson cost alpha=2.0,2023-11-21,2025-02-21,12345678,,-0.4943683874484041,False,Return from COBYLA because the objective function has been evaluated MAXFUN times.,1.0,0.2144165293864074,0.2144165293864074,-0.4943683874484041,-0.5650387654012196,0.16495824685500635,0101010,-0.5374371618780747,
15,W2,7,4,1,QWOA weighted Johnson cost alpha=2.0,2023-11-21,2025-02-21,12345778,,-0.5476242708779414,True,Return from COBYLA because the trust region radius reaches its lower bound.,1.0,0.15959175867715925,0.3499638282355706,-0.5476242708779414,-0.6417850805806353,0.2025810321298339,1001110,-0.6323995272590321,
15,W2,7,4,2,QWOA weighted Johnson cost alpha=2.0,2023-11-21,2025-02-21,12346078,,-0.5972757233455008,False,Return from COBYLA because the objective function has been evaluated MAXFUN times.,1.0,0.2609559433016998,0.5609453460614702,-0.5972757233455008,-0.6417850805806353,0.09575906958105808,1001110,-0.6323995272590321,
15,W2,7,4,3,QWOA weighted Johnson cost alpha=2.0,2023-11-21,2025-02-21,12345778,,-0.6144162644457463,False,Return from COBYLA because the objective function has been evaluated MAXFUN times.,1.0,0.29540715438704146,0.6139789064061124,-0.6144162644457463,-0.6417850805806353,0.05888227850082786,1001110,-0.6323995272590321,
16,W2,8,3,1,QWOA weighted Johnson cost alpha=2.0,2023-11-21,2025-02-21,12345678,,-0.5332037713621083,True,Return from COBYLA because the trust region radius reaches its lower bound.,1.0,0.06084386219600354,0.06084386219600354,-0.5332037713621083,-0.7136031737638825,0.31266245663971354,00011001,-0.6520620918463074,
16,W2,8,3,2,QWOA weighted Johnson cost alpha=2.0,2023-11-21,2025-02-21,12345878,,-0.5826656165988575,False,Return from COBYLA because the objective function has been evaluated MAXFUN times.,1.0,0.14602499934512408,0.14602499934512408,-0.5826656165988575,-0.7136031737638825,0.22693677331836326,00011001,-0.6520620918463074,
16,W2,8,3,3,QWOA weighted Johnson cost alpha=2.0,2023-11-21,2025-02-21,12345878,,-0.5903176793795846,False,Return from COBYLA because the objective function has been evaluated MAXFUN times.,1.0,0.3107472587620463,0.3107472587620463,-0.5903176793795846,-0.7136031737638825,0.21367446360153292,00010101,-0.7136031737638825,
17,W2,8,4,1,QWOA weighted Johnson cost alpha=2.0,2023-11-21,2025-02-21,12345878,,-0.6646308818102454,True,Return from COBYLA because the trust region radius reaches its lower bound.,1.0,0.029163482733016454,0.029163482733016454,-0.6646308818102454,-0.8362323751981648,0.26029689060654676,01011001,-0.7208707175346951,
17,W2,8,4,2,QWOA weighted Johnson cost alpha=2.0,2023-11-21,2025-02-21,12345678,,-0.7139234764240835,False,Return from COBYLA because the objective function has been evaluated MAXFUN times.,1.0,0.1465179031962465,0.1465179031962465,-0.7139234764240835,-0.8362323751981648,0.18552650921536518,00011101,-0.8362323751981648,
17,W2,8,4,3,QWOA weighted Johnson cost alpha=2.0,2023-11-21,2025-02-21,12345878,,-0.7267277409577239,False,Return from COBYLA because the objective function has been evaluated MAXFUN times.,1.0,0.20902903635547523,0.20902903635547523,-0.7267277409577239,-0.8362323751981648,0.16610412437005412,00011101,-0.8362323751981648,
18,W3,5,2,1,QWOA weighted Johnson cost alpha=2.0,2022-08-24,2023-11-20,12345878,,-0.055047296863415515,False,Return from COBYLA because the objective function has been evaluated MAXFUN times.,1.0,0.22987680726693085,0.4478699404327069,-0.055047296863415515,-0.13407697888541342,0.41907719745937483,00110,-0.13407697888541342,
18,W3,5,2,2,QWOA weighted Johnson cost alpha=2.0,2022-08-24,2023-11-20,12345978,,-0.06858858491872276,False,Return from COBYLA because the objective function has been evaluated MAXFUN times.,1.0,0.27005905216347786,0.5479348895647314,-0.06858858491872276,-0.13407697888541342,0.3472706951046181,10010,-0.12661396524977162,
18,W3,5,2,3,QWOA weighted Johnson cost alpha=2.0,2022-08-24,2023-11-20,12345678,,-0.0633543975790203,False,Return from COBYLA because the objective function has been evaluated MAXFUN times.,1.0,0.2783201025896653,0.5213273437715773,-0.0633543975790203,-0.13407697888541342,0.3750264509823816,00110,-0.13407697888541342,
19,W3,5,3,1,QWOA weighted Johnson cost alpha=2.0,2022-08-24,2023-11-20,12345778,,-0.00752357758985151,False,Return from COBYLA because the objective function has been evaluated MAXFUN times.,1.0,0.16569942677018423,0.16569942677018423,-0.00752357758985151,-0.08475542146388804,0.36669670313310976,10011,-0.05772440734820619,
19,W3,5,3,2,QWOA weighted Johnson cost alpha=2.0,2022-08-24,2023-11-20,12345678,,-0.029981128207912898,False,Return from COBYLA because the objective function has been evaluated MAXFUN times.,1.0,0.24847546394010153,0.24847546394010153,-0.029981128207912898,-0.08475542146388804,0.26006827942851285,10110,-0.08475542146388804,
19,W3,5,3,3,QWOA weighted Johnson cost alpha=2.0,2022-08-24,2023-11-20,12345978,,-0.03769668625663121,False,Return from COBYLA because the objective function has been evaluated MAXFUN times.,1.0,0.23153675009974067,0.23153675009974067,-0.03769668625663121,-0.08475542146388804,0.22343481896223663,00111,-0.06790968382743401,
20,W3,6,2,1,QWOA weighted Johnson cost alpha=2.0,2022-08-24,2023-11-20,12345978,,-0.17716032056410258,True,Return from COBYLA because the trust region radius reaches its lower bound.,1.0,0.13123920891854962,0.13123920891854962,-0.17716032056410258,-0.3241612847040193,0.3882089371128686,000011,-0.18851728439147253,
20,W3,6,2,2,QWOA weighted Johnson cost alpha=2.0,2022-08-24,2023-11-20,12345978,,-0.1875929218923118,False,Return from COBYLA because the objective function has been evaluated MAXFUN times.,1.0,0.12359347930640835,0.12359347930640835,-0.1875929218923118,-0.3241612847040193,0.360657899630614,000011,-0.18851728439147253,
20,W3,6,2,3,QWOA weighted Johnson cost alpha=2.0,2022-08-24,2023-11-20,12346078,,-0.19918393875672305,False,Return from COBYLA because the objective function has been evaluated MAXFUN times.,1.0,0.1700500132559346,0.1700500132559346,-0.19918393875672305,-0.3241612847040193,0.3300476491243144,100001,-0.20352721113339975,
21,W3,6,3,1,QWOA weighted Johnson cost alpha=2.0,2022-08-24,2023-11-20,12345978,,-0.11582881325539772,True,Return from COBYLA because the trust region radius reaches its lower bound.,1.0,0.1323047044552036,0.2661547286581656,-0.11582881325539772,-0.26111838029436407,0.3754465740400726,000111,-0.2590062660250054,
21,W3,6,3,2,QWOA weighted Johnson cost alpha=2.0,2022-08-24,2023-11-20,12345778,,-0.14414372822852953,False,Return from COBYLA because the objective function has been evaluated MAXFUN times.,1.0,0.17341922027367113,0.3537922214707754,-0.14414372822852953,-0.26111838029436407,0.3022772609396547,000111,-0.2590062660250054,
21,W3,6,3,3,QWOA weighted Johnson cost alpha=2.0,2022-08-24,2023-11-20,12346078,,-0.13722020074893335,False,Return from COBYLA because the objective function has been evaluated MAXFUN times.,1.0,0.19000282050298062,0.38328599304836397,-0.13722020074893335,-0.26111838029436407,0.3201685295659114,000111,-0.2590062660250054,
22,W3,6,4,1,QWOA weighted Johnson cost alpha=2.0,2022-08-24,2023-11-20,12345878,,-0.07794250348693947,True,Return from COBYLA because the trust region radius reaches its lower bound.,1.0,0.2531205460536944,0.2531205460536944,-0.07794250348693947,-0.17735071752122883,0.25422437328889186,001111,-0.15684194811889263,
22,W3,6,4,2,QWOA weighted Johnson cost alpha=2.0,2022-08-24,2023-11-20,12345778,,-0.12405785770627333,False,Return from COBYLA because the objective function has been evaluated MAXFUN times.,1.0,0.36967584383012464,0.36967584383012464,-0.12405785770627333,-0.17735071752122883,0.1362899838695074,001111,-0.15684194811889263,
22,W3,6,4,3,QWOA weighted Johnson cost alpha=2.0,2022-08-24,2023-11-20,12345778,,-0.13560678108899635,False,Return from COBYLA because the objective function has been evaluated MAXFUN times.,1.0,0.37753426128083556,0.37753426128083556,-0.13560678108899635,-0.17735071752122883,0.10675502201895593,100111,-0.17735071752122883,
23,W3,7,3,1,QWOA weighted Johnson cost alpha=2.0,2022-08-24,2023-11-20,12346078,,-0.1761483855954149,True,Return from COBYLA because the trust region radius reaches its lower bound.,1.0,0.06089890799484201,0.06089890799484201,-0.1761483855954149,-0.32420263189841325,0.3289639231034435,1001010,-0.26111838029436407,
23,W3,7,3,2,QWOA weighted Johnson cost alpha=2.0,2022-08-24,2023-11-20,12345778,,-0.21290881850337637,False,Return from COBYLA because the objective function has been evaluated MAXFUN times.,1.0,0.16897500608964647,0.16897500608964647,-0.21290881850337637,-0.32420263189841325,0.24728537266433306,0001011,-0.32420263189841325,
23,W3,7,3,3,QWOA weighted Johnson cost alpha=2.0,2022-08-24,2023-11-20,12345978,,-0.23236400266417917,False,Return from COBYLA because the objective function has been evaluated MAXFUN times.,1.0,0.21515604638066005,0.21515604638066005,-0.23236400266417917,-0.32420263189841325,0.20405761077265638,0001011,-0.32420263189841325,
24,W3,7,4,1,QWOA weighted Johnson cost alpha=2.0,2022-08-24,2023-11-20,12345678,,-0.12700441696373188,True,Return from COBYLA because the trust region radius reaches its lower bound.,1.0,0.12280949770984834,0.12280949770984834,-0.12700441696373188,-0.24146764546626653,0.24844177948233134,1001011,-0.20478120403868405,
24,W3,7,4,2,QWOA weighted Johnson cost alpha=2.0,2022-08-24,2023-11-20,12345778,,-0.15441308001905146,False,Return from COBYLA because the objective function has been evaluated MAXFUN times.,1.0,0.24326631951139085,0.24326631951139085,-0.15441308001905146,-0.24146764546626653,0.18895143387719718,0001111,-0.24146764546626653,
24,W3,7,4,3,QWOA weighted Johnson cost alpha=2.0,2022-08-24,2023-11-20,12346078,,-0.15792695147589078,False,Return from COBYLA because the objective function has been evaluated MAXFUN times.,1.0,0.28313129930330755,0.28313129930330755,-0.15792695147589078,-0.24146764546626653,0.18132459607932744,0001111,-0.24146764546626653,
25,W3,8,3,1,QWOA weighted Johnson cost alpha=2.0,2022-08-24,2023-11-20,12346078,,-0.311204846642154,True,Return from COBYLA because the trust region radius reaches its lower bound.,1.0,0.0420582607268879,0.0420582607268879,-0.311204846642154,-0.5220619864483934,0.3254361877338224,10010001,-0.35404920627439324,
25,W3,8,3,2,QWOA weighted Johnson cost alpha=2.0,2022-08-24,2023-11-20,12345678,,-0.3228798616624853,False,Return from COBYLA because the objective function has been evaluated MAXFUN times.,1.0,0.05481517897884518,0.05481517897884518,-0.3228798616624853,-0.5220619864483934,0.30741700951940126,10010001,-0.35404920627439324,
25,W3,8,3,3,QWOA weighted Johnson cost alpha=2.0,2022-08-24,2023-11-20,12345978,,-0.3819193501580599,False,Return from COBYLA because the objective function has been evaluated MAXFUN times.,1.0,0.23723437669157577,0.23723437669157577,-0.3819193501580599,-0.5220619864483934,0.216295665089659,00010101,-0.5220619864483934,
26,W3,8,4,1,QWOA weighted Johnson cost alpha=2.0,2022-08-24,2023-11-20,12345878,,-0.27612495823363925,True,Return from COBYLA because the trust region radius reaches its lower bound.,1.0,0.10061577405613664,0.2139654955973131,-0.27612495823363925,-0.43643685132550625,0.24449202121117228,00010111,-0.41928051559878976,
26,W3,8,4,2,QWOA weighted Johnson cost alpha=2.0,2022-08-24,2023-11-20,12345778,,-0.33466377856193724,False,Return from COBYLA because the objective function has been evaluated MAXFUN times.,1.0,0.23507794055972084,0.43798715679058053,-0.33466377856193724,-0.43643685132550625,0.15521433740775314,00011101,-0.43643685132550625,
26,W3,8,4,3,QWOA weighted Johnson cost alpha=2.0,2022-08-24,2023-11-20,12346078,,-0.37639119049255215,False,Return from COBYLA because the objective function has been evaluated MAXFUN times.,1.0,0.36913326453207984,0.6421568208290445,-0.37639119049255215,-0.43643685132550625,0.09157576957560272,00011101,-0.43643685132550625,
27,W4,5,2,1,QWOA weighted Johnson cost alpha=2.0,2021-05-27,2022-08-23,12345778,,0.04795510473277418,False,Return from COBYLA because the objective function has been evaluated MAXFUN times.,1.0,0.18161622744741,0.18161622744741,0.04795510473277418,-0.14524007238448647,0.4320063343205174,10001,-0.14524007238448647,
27,W4,5,2,2,QWOA weighted Johnson cost alpha=2.0,2021-05-27,2022-08-23,12345978,,0.002649963613510644,False,Return from COBYLA because the objective function has been evaluated MAXFUN times.,1.0,0.20654713467268723,0.20654713467268723,0.002649963613510644,-0.14524007238448647,0.3306988988407621,00101,-0.013017655861109395,
27,W4,5,2,3,QWOA weighted Johnson cost alpha=2.0,2021-05-27,2022-08-23,12345778,,-0.007371097754112786,False,Return from COBYLA because the objective function has been evaluated MAXFUN times.,1.0,0.24777031632416918,0.24777031632416918,-0.007371097754112786,-0.14524007238448647,0.30829066871812116,00101,-0.013017655861109395,
28,W4,5,3,1,QWOA weighted Johnson cost alpha=2.0,2021-05-27,2022-08-23,12346078,,0.10878967752567734,True,Return from COBYLA because the trust region radius reaches its lower bound.,1.0,0.2808299302824752,0.2808299302824752,0.10878967752567734,-0.02410930444315404,0.27213689790455814,10101,-0.02410930444315404,
28,W4,5,3,2,QWOA weighted Johnson cost alpha=2.0,2021-05-27,2022-08-23,12345978,,0.040959268319067696,False,Return from COBYLA because the objective function has been evaluated MAXFUN times.,1.0,0.6338686467365799,0.6338686467365799,0.040959268319067696,-0.02410930444315404,0.13324074631919286,10101,-0.02410930444315404,
28,W4,5,3,3,QWOA weighted Johnson cost alpha=2.0,2021-05-27,2022-08-23,12345978,,0.04768341014462002,False,Return from COBYLA because the objective function has been evaluated MAXFUN times.,1.0,0.5974808015595733,0.5974808015595733,0.04768341014462002,-0.02410930444315404,0.14700975395467095,10101,-0.02410930444315404,
29,W4,6,2,1,QWOA weighted Johnson cost alpha=2.0,2021-05-27,2022-08-23,12345778,,0.10854722968483345,False,Return from COBYLA because the objective function has been evaluated MAXFUN times.,1.0,0.13851486706067678,0.13851486706067678,0.10854722968483345,-0.14524007238448647,0.34671333773059926,001010,-0.013017655861109395,
29,W4,6,2,2,QWOA weighted Johnson cost alpha=2.0,2021-05-27,2022-08-23,12345678,,0.017727295856675533,False,Return from COBYLA because the objective function has been evaluated MAXFUN times.,1.0,0.38001560403335655,0.38001560403335655,0.017727295856675533,-0.14524007238448647,0.22263903561507428,100010,-0.14524007238448647,
29,W4,6,2,3,QWOA weighted Johnson cost alpha=2.0,2021-05-27,2022-08-23,12345978,,0.0243148976981579,False,Return from COBYLA because the objective function has been evaluated MAXFUN times.,1.0,0.34366536360369726,0.34366536360369726,0.0243148976981579,-0.14524007238448647,0.23163873498331428,100010,-0.14524007238448647,
30,W4,6,3,1,QWOA weighted Johnson cost alpha=2.0,2021-05-27,2022-08-23,12345978,,0.2166475084718719,True,Return from COBYLA because the trust region radius reaches its lower bound.,1.0,0.13259874601760435,0.13259874601760435,0.2166475084718719,-0.02410930444315404,0.2868014262262932,100110,0.0444383532571527,
30,W4,6,3,2,QWOA weighted Johnson cost alpha=2.0,2021-05-27,2022-08-23,12345878,,0.14249518802861855,False,Return from COBYLA because the objective function has been evaluated MAXFUN times.,1.0,0.41073464112349367,0.41073464112349367,0.14249518802861855,-0.02410930444315404,0.19846751366274604,101010,-0.02410930444315404,
30,W4,6,3,3,QWOA weighted Johnson cost alpha=2.0,2021-05-27,2022-08-23,12346078,,0.06386349067891288,False,Return from COBYLA because the objective function has been evaluated MAXFUN times.,1.0,0.3971580403454919,0.3971580403454919,0.06386349067891288,-0.02410930444315404,0.1047975457252267,101010,-0.02410930444315404,
31,W4,6,4,1,QWOA weighted Johnson cost alpha=2.0,2021-05-27,2022-08-23,12345778,,0.4071694140717684,True,Return from COBYLA because the trust region radius reaches its lower bound.,1.0,0.12703786883510232,0.12703786883510232,0.4071694140717684,0.20137038479136454,0.23501524752428532,111010,0.27478850438432795,
31,W4,6,4,2,QWOA weighted Johnson cost alpha=2.0,2021-05-27,2022-08-23,12345878,,0.3176503373420996,False,Return from COBYLA because the objective function has been evaluated MAXFUN times.,1.0,0.2701845860373587,0.2701845860373587,0.3176503373420996,0.20137038479136454,0.1327876128783338,111010,0.27478850438432795,
31,W4,6,4,3,QWOA weighted Johnson cost alpha=2.0,2021-05-27,2022-08-23,12345878,,0.3008374446723673,False,Return from COBYLA because the objective function has been evaluated MAXFUN times.,1.0,0.4453886138259854,0.4453886138259854,0.3008374446723673,0.20137038479136454,0.11358788124601059,101110,0.20137038479136454,
32,W4,7,3,1,QWOA weighted Johnson cost alpha=2.0,2021-05-27,2022-08-23,12345778,,0.1761855205440841,True,Return from COBYLA because the trust region radius reaches its lower bound.,1.0,0.1117450363527428,0.1117450363527428,0.1761855205440841,-0.08951795732236192,0.29363933143572457,1010100,-0.02410930444315404,
32,W4,7,3,2,QWOA weighted Johnson cost alpha=2.0,2021-05-27,2022-08-23,12345678,,0.061580919956357665,False,Return from COBYLA because the objective function has been evaluated MAXFUN times.,1.0,0.39545762418079267,0.39545762418079267,0.061580919956357665,-0.08951795732236192,0.16698529376086438,1000101,-0.08951795732236192,
32,W4,7,3,3,QWOA weighted Johnson cost alpha=2.0,2021-05-27,2022-08-23,12345678,,0.04908435403368684,False,Return from COBYLA because the objective function has been evaluated MAXFUN times.,1.0,0.4398953316233855,0.4398953316233855,0.04908435403368684,-0.08951795732236192,0.15317484877820609,1000101,-0.08951795732236192,
33,W4,7,4,1,QWOA weighted Johnson cost alpha=2.0,2021-05-27,2022-08-23,12345978,,0.33094435805625916,True,Return from COBYLA because the trust region radius reaches its lower bound.,1.0,0.11073570501849314,0.24528655187322218,0.33094435805625916,0.10044989411187827,0.23601624725671752,1001101,0.12787249111342908,
33,W4,7,4,2,QWOA weighted Johnson cost alpha=2.0,2021-05-27,2022-08-23,12346078,,0.21975965109636642,False,Return from COBYLA because the objective function has been evaluated MAXFUN times.,1.0,0.3029434349498271,0.5932171696450296,0.21975965109636642,0.10044989411187827,0.12216797151095442,1010101,0.10044989411187827,
33,W4,7,4,3,QWOA weighted Johnson cost alpha=2.0,2021-05-27,2022-08-23,12345678,,0.19106666512186582,False,Return from COBYLA because the objective function has been evaluated MAXFUN times.,1.0,0.42705454445174024,0.7269579720171535,0.19106666512186582,0.10044989411187827,0.0927876091525536,1010101,0.10044989411187827,
34,W4,8,3,1,QWOA weighted Johnson cost alpha=2.0,2021-05-27,2022-08-23,12345978,,0.19835414230041143,True,Return from COBYLA because the trust region radius reaches its lower bound.,1.0,0.060247885711739876,0.060247885711739876,0.19835414230041143,-0.08951795732236192,0.2776025621309413,10011000,0.0444383532571527,
34,W4,8,3,2,QWOA weighted Johnson cost alpha=2.0,2021-05-27,2022-08-23,12346078,,0.0760135792851589,False,Return from COBYLA because the objective function has been evaluated MAXFUN times.,1.0,0.27005916085375326,0.27005916085375326,0.0760135792851589,-0.08951795732236192,0.15962637135010582,10001010,-0.08951795732236192,
34,W4,8,3,3,QWOA weighted Johnson cost alpha=2.0,2021-05-27,2022-08-23,12346078,,-0.0007890785175398039,False,Return from COBYLA because the objective function has been evaluated MAXFUN times.,1.0,0.4545972404709085,0.4545972404709085,-0.0007890785175398039,-0.08951795732236192,0.08556356841632533,10001010,-0.08951795732236192,
35,W4,8,4,1,QWOA weighted Johnson cost alpha=2.0,2021-05-27,2022-08-23,12345978,,0.35808924684628296,True,Return from COBYLA because the trust region radius reaches its lower bound.,1.0,0.05024278484948396,0.11737939475710249,0.35808924684628296,0.10044989411187827,0.21466532335476463,10011010,0.12787249111342908,
35,W4,8,4,2,QWOA weighted Johnson cost alpha=2.0,2021-05-27,2022-08-23,12345878,,0.22279927647718642,False,Return from COBYLA because the objective function has been evaluated MAXFUN times.,1.0,0.2532986530871553,0.4824932612313253,0.22279927647718642,0.10044989411187827,0.10194160732417235,10101010,0.10044989411187827,
35,W4,8,4,3,QWOA weighted Johnson cost alpha=2.0,2021-05-27,2022-08-23,12345778,,0.1859739490454759,False,Return from COBYLA because the objective function has been evaluated MAXFUN times.,1.0,0.3570168705092281,0.6360360802964924,0.1859739490454759,0.10044989411187827,0.0712587138264447,10101010,0.10044989411187827,
